rang;name;nation;member_id;punkte
1;FrantišEk VRCHOTICKÝ;CZE;99080;700
2;Nikhil Deepak PULIKKOTTIL;ENG;11420;615
2;Phil DANIEL;ENG;26540;615
4;Maks TRAMPUŽ;SLO;43447;610
4;Din MAŠIĆ;SLO;20423;610
6;Marko ŠURINA;CRO;33883;590
7;Valentin LANG;GER;29885;570
8;Tin RADOVANOVIĆ;CRO;19727;550
9;Kaspar SORGE;EST;64157;550
9;Marten PÕDER;EST;49711;550
11;Tomáš KLAPAL;CZE;19643;550
12;Kilian SCHERER;GER;46136;450
13;Rik DE BACKER;BEL;33441;440
14;Nagasharan Podala VENGATESH;NED;25801;420
15;Magno SALAS;ESP;48027;400
16;Akseli HÄMEENHEIMO;FIN;47686;340
17;Seppe DAEMERS;BEL;34247;340
17;Guillermo MUÑOZ;ESP;20110;340
19;Konrad BECHTER;AUT;47765;325
20;Farin RICHARD;SUI;31765;325
21;Hannes MERGET;GER;25448;310
22;Albert LEIS;EST;37926;305
23;Lorys CHIPIER;SUI;19103;300
24;Yutong HE;GER;25337;300
25;Jason DE GRAAF;NED;21501;300
26;Alex PATAKI;HUN;35094;290
26;Zalan JUHASZ;HUN;27476;290
28;Karl Maximilian WEYAND;GER;42069;285
29;Kan EMURLAH;BUL;29649;280
30;Feliks GETKA;POL;27850;280
31;Paul PILLARD;FRA;34392;280
32;Andrei Victor VIZI;ROU;32837;275
33;Nathan NGUYEN;SUI;61877;265
34;Andre LOOSKARI;EST;34123;260
35;Moritz BÜRGER;AUT;48875;255
36;Gleb STEPANZOW;GER;22597;255
37;Jakub FOTTA;SVK;18248;251
38;Maxim IACOB;ROU;18600;250
39;Tadas RIMKUS;LTU;49065;245
40;Artur PLAISANT;GER;70288;240
40;Oskars BAJARS;LAT;28224;240
40;Daniel TANKEVIC;LTU;35260;240
40;Ignas MARTYSIUS;LTU;41816;240
44;Isak MELLERI;FIN;45207;240
44;Roman KARATANOV;UKR;17381;240
44;Ihor BELINSKYI;UKR;24083;240
44;Martin ANQUETIL;FRA;44796;240
48;Malte JØRGENSEN;DEN;33977;230
49;Filip LISKA;LUX;36063;225
50;Natanael SAINTHUILE;FRA;26001;225
50;Noe Xuan Phuc DINH;FRA;17298;225
52;Sathvik SHANKAR;GER;83989;210
52;Lovro MATOVINA;CRO;22487;210
54;Arnas JARMALAUSKAS;LTU;45665;210
55;Lars Luca FRITZSCHE;SUI;37854;205
56;Yehor CHURKIN;UKR;28883;200
57;Ioannis SAROUGIANNIDIS;GRE;43829;200
57;Hubert GRUBA;POL;24970;200
59;Furkan KUCUK;TUR;46042;200
59;Ahmet Rafi SARAC;TUR;25398;200
61;Kenan TURSIC;LUX;21685;195
62;Joey KOBYLANSKI;GER;15477;190
63;Savvas SAVVIDES;CYP;44623;190
63;Ioannis PAPADOPOULOS;CYP;27722;190
65;KristiáN BÍBA;CZE;20109;185
66;Olaf KSIAZKIEWICZ;POL;38641;185
67;Vakaris PUIDOKAS;LTU;28395;180
68;Lukas SCHUSTER;AUT;46095;176
69;Hugo GALLEGO;ESP;44306;176
70;Vadym SAPOZHNYKOV;UKR;33789;165
70;Kondratii ZHELIZNIAK;UKR;18545;165
72;Anton BILCHEV;BUL;31303;160
72;Pavel SHEYTANOV;BUL;47459;160
72;Emil FEJSØ;DEN;22421;160
75;Konstantinos KAPOUKRANIDIS;GRE;20549;160
75;Soheyl SAFARI ARAGHI;GER;48522;160
77;Pawel PAULEWICZ;POL;15885;155
78;Alexander FRANZKE;GER;38969;150
78;Ostap DEMCHENKO;UKR;42976;150
80;Ethan FEAKIN;ENG;48700;150
81;Lovis DETERS;GER;47019;150
81;Quentin BROGERE;FRA;39061;150
81;Theo EPP;FRA;34924;150
81;Tejas SINGH;ENG;24650;150
81;Ludvig MARMSTEN;SWE;35639;150
81;Olle JAKOBSSON;SWE;35863;150
81;Rhys WILLIAMS;ENG;47385;150
88;Michal JAWORSKI;POL;28727;145
89;Frederik VOLKERT;GER;29069;145
90;Miroslav TEPLÝ;CZE;46634;140
90;David PIRNOVAR;SLO;36731;140
92;Petar MITEV;BUL;47038;140
93;Ben SCHNEIDER;GER;30059;140
93;Leo Hanxiang LUO;GER;46471;140
93;Esteyban SAINTHUILE;FRA;43824;140
96;Gaspard PLUMEREAU;FRA;48838;140
96;Filip ZEGLEN;POL;35401;140
98;Matthias TRIMMEL;AUT;28493;135
99;Ayaan SINGH;GER;27551;135
99;Mykolas JAKSTYS;LTU;17728;135
101;Michal ORLOVSKY;SVK;48375;131
102;Akhil Luke GIBI;ENG;37664;130
102;Leonard FUCHS;GER;21883;130
104;Jakub CHRZASZCZ;POL;40280;130
104;Sacha LIENARD;FRA;18358;130
106;Felix KYZLÍK;CZE;38776;120
106;Ivan TUTIC;GER;43715;120
108;Viktor WALLIN ÖDÉN;SWE;21334;120
108;Alexander FALK;SWE;18728;120
110;Taaniel MEHINE;EST;31921;120
110;Tomass TOMASIUNS;LAT;30070;120
112;David Emmanuel CABAHUG;SWE;33523;120
112;Jeffrey LAKSHMIKANTHAN;SWE;18127;120
112;Louka CESARI;SUI;35985;120
115;Joris JANN;SUI;38277;115
116;Seppe CABUS;BEL;43906;115
116;Hareesh BOOPATHY;GER;22922;115
118;Raphael ARGAST;GER;46646;110
119;Fabian KARMANN;GER;51830;110
120;Eric DOMINGUEZ;ESP;23795;110
121;Bastian KLINKA;AUT;16231;105
121;VladimíR SVOBODA;CZE;30172;105
123;Ian BAUMANN;GER;27972;105
123;Aaron WINTER;GER;32786;105
125;Xoan BALBOA;ESP;25038;100
125;Daniel ALVAREZ;ESP;43189;100
125;Naim EL KHADERY-PERRON;FRA;41423;100
128;Georgi RUPTSOV;BUL;83974;100
128;Stiliyan NANOVSKI;BUL;76850;100
128;Leo SPASOV;BUL;44172;100
128;Andrey MARCOV;BUL;37362;100
128;Peter Simoni FAURHOLT;DEN;34628;100
128;Luka HRŽICA;CRO;39893;100
128;Frederik BLITTRUP;DEN;46222;100
128;Johannes LEHTINEN;FIN;30183;100
136;Nico BELSKY;AUT;25385;96
137;Finn PETRASCHEK;AUT;20355;91
138;Ales KOSCAK;SVK;35124;91
139;Nicolas SIONNEAU;AUT;43623;91
140;Noe RÖSSLER;GER;27647;90
140;Vid NOVAK;CRO;34084;90
142;Ioan YORDANOV;BUL;16155;90
142;Georgi ILIEV;BUL;46396;90
142;Edgar PREVOT;FRA;42067;90
142;Alexandros DALLAS;GRE;26233;90
146;Soren MARION GOTHSENER;FRA;26212;90
146;Raul HERNANDEZ;ESP;48902;90
146;Jorge ROYO;ESP;45492;90
146;Joar TINGLEV;SWE;23019;90
146;Olle BERGSTRÖM;SWE;40370;90
146;Mikolaj NOGALSKI;POL;27219;90
152;Casper BOHLIN;SWE;21491;85
152;Helge VAIHINGER;SWE;19560;85
154;Efe Kagan ASIK;TUR;43703;85
154;Oskar ZAREBA;POL;47120;85
154;Yusuf Mohammad BILAL;ENG;19076;85
157;Bartosz KOWALSKI;POL;44302;80
157;Kasparas DRAUKSAS;LTU;25317;80
157;Michal VYBÍRAL;CZE;27265;80
157;Muhammad Sytsh ABDULQUDDUS;GER;17110;80
157;Tejas VENUGOPAL;ENG;23628;80
157;Piotr SAWICZ;POL;31727;80
157;Julius SURGELA;LTU;26110;80
164;Berkay CEYHAN;TUR;75505;80
164;Esalettin Berk DEMIR;TUR;65918;80
164;Marvin Jakob Galan MOGENSEN;DEN;89567;80
164;Tristan PETRIAT;FRA;35586;80
164;Tim BREGAR;SLO;22197;80
164;Oskar TRANGBÆK;DEN;23835;80
170;Severin GFRERER;AUT;18519;76
171;Nilas SUTTER;SUI;61591;75
171;Matti KRAMER;SUI;39357;75
173;Marco GARCIA;ESP;35856;75
174;Mihael ŠKOF VRABEC;CRO;48898;75
174;Mark KRAVCHYSHYN;ESP;47857;75
176;Tomas SOKOL;SVK;30603;71
177;Albert FABIAN;AUT;23470;71
178;Arne RETHMEIER;GER;46927;70
179;Kacper GRABARZ;POL;32807;70
179;Simonas DELTUVA;LTU;28068;70
179;Emil HARTUNG;DEN;29296;70
179;Istilyan BORISOV;BUL;36748;70
179;Eloi LE SECQ;FRA;23683;70
179;Hugo LESHAURIES;FRA;49089;70
179;Rana MEDHARAMETLA;GER;28442;70
186;Martin KAZARIK;SVK;41638;66
187;Thomas REIBER;GER;44804;65
188;Martin ZHANG;AUT;88146;65
188;Bor ZALETEL;SLO;41974;65
188;Sheung Laam TAI;ENG;49930;65
188;Ben WENZELMANN;GER;29628;65
188;Mikail DEVECI;TUR;20630;65
188;Mehmet Enes ARIGUL;TUR;17571;65
194;David SKRABAK;SVK;19868;61
194;Jakub BOZIK;SVK;44927;61
196;Ianis Aaron ELBASE;ESP;18498;60
197;Konstantin TONNER;GER;35355;60
197;Noah KUNDL;AUT;27673;60
199;Gregor KIVISAAR;EST;24379;60
199;Edwin KARPATS;LAT;32406;60
199;Metehan Selim DONMEZ;TUR;37560;60
199;Adrian TELFSER;ITA;41585;60
199;Panayiotis FELLAS;CYP;42665;60
199;Ayaz KILIC;TUR;25491;60
199;Karol PYRLIK;POL;25877;60
199;Giorgos ANTONIOU;CYP;30363;60
199;Envar Zahid SENER;TUR;32520;60
199;Lucas WINTHER;DEN;18533;60
199;Diego GAZQUEZ;ESP;44003;60
199;Lubin RACINNE;FRA;29469;60
199;Gustav Kruse THARSGAARD;DEN;19048;60
199;BeÑAt URBIOLA;ESP;16251;60
199;Robin LAMMERS;NED;39388;60
199;August SKÖLD;SWE;42817;60
199;Hjalmar GROTH;SWE;10631;60
199;Frank ROSSHAGEN;SWE;16650;60
199;Yngve FORSLUND;SWE;41666;60
199;Atharva HIMANSHU GUPTA;GER;37759;60
199;Jannis KAMPMEIER;GER;23424;60
220;Nathan PACAL;SVK;34909;56
221;Szymon SYLKA;POL;28956;55
221;Jakob HOPP;GER;31628;55
221;Antoni POHL;POL;35989;55
221;Ratneesh REDDY SUGANGAR;GER;23698;55
225;Daniel NACHTMAN;CZE;17758;55
225;Karel VAHALÍK;CZE;29192;55
225;Aaron CHERIAN;ENG;28331;55
225;Maciej SKOWRONSKI;ENG;32637;55
225;Nathan LEFAUX;FRA;33380;55
225;Mael GUERIMAND;FRA;32841;55
225;Raul MARQUES;GER;25397;55
232;Kacper KOSZ;POL;25298;51
233;Samarth PARASHAR;ENG;41076;50
233;Max LEUNG;ENG;38631;50
235;Konstantinos KALLIGAS;GRE;17981;50
235;Galimir SULTANOV;BUL;46028;50
235;Martin SREBRNIČ;SLO;46310;50
235;Valeri DIMITROV;BUL;16648;50
239;Moritz VOGEL;AUT;64286;50
239;Aleksander TURSKI;POL;38917;50
239;Johan KŇAZOVČÍK;CZE;48484;50
239;Omar MEHDI;AZE;47504;50
239;Nil LEIVA;ESP;10107;50
239;Tingzhuo WANG;GER;34285;50
239;Yusif MIRALAMOV;AZE;46569;50
239;Shiv VITISH;ENG;29824;50
239;Adam ALAM;ENG;32662;50
239;Filip PACZEK;POL;46681;50
239;Tom FOULON;SUI;42306;50
250;Martin Viliam MIHALCIN;SVK;26060;46
250;Filip VRUBEL;SVK;12490;46
252;Cosmin Alexandru DRAGOS;ROU;37436;45
252;Norbert David FEKETE;ROU;31681;45
252;Eren Doruk SARAC;TUR;40654;45
252;Ege KOK;TUR;37850;45
252;Benas KUCINAS;LTU;31050;45
252;Till BESSER;GER;49887;45
252;Emre YARTASI;TUR;26241;45
259;Lazar SUBOTIN;SRB;28978;41
260;Renars KARKLINS;LAT;24243;40
260;Franciszek MICHALEWSKI;POL;42303;40
260;Lukasz GOLAS;POL;27812;40
260;Bartosz RACHWALSKI;POL;29134;40
260;Bennet DITTRICH;GER;24887;40
260;Jules BOUILLET;FRA;35435;40
260;Jacek LACIAK;POL;31888;40
260;Tao LINON;FRA;45692;40
260;Ferre CLAES;BEL;45768;40
260;Ismael BOUCHIKHI;FRA;33201;40
260;Mateusz KOMICZ;POL;17828;40
260;Jakub KRUPOWCZYK;POL;35930;40
260;David ŠTĚRBA;CZE;31014;40
260;Matthias GOZZI;ITA;29864;40
260;Philipp KUBICEK;ITA;22614;40
260;Kristians GARBARS;LAT;17510;40
260;Bruno MUCENIEKS;LAT;18932;40
277;Hon Chak Johnson ZHANG;FRA;31228;40
277;Nicholas MIKKELSEN;DEN;30275;40
277;Dotan SARAGA;ISR;28751;40
277;Rory LE MASURIER;ENG;39641;40
277;Emilien MATHIEU;FRA;30267;40
277;Luis GRUNDMANN;GER;48847;40
277;Aarav KOTIAN;ENG;44982;40
277;Mikkel JOHANNSEN;DEN;42445;40
277;Sebastian VILLADSEN;DEN;30580;40
277;Seyit Ali ERSIN;TUR;34034;40
277;Panagiotis MEGALOS;GRE;31098;40
277;Ali Utku CETINEL;TUR;48459;40
277;Idris Tunahan EKICI;TUR;28732;40
277;Bugra AKKUS;TUR;40430;40
277;Yu Wen NEH;IRL;36875;40
277;Furkan Yagiz BOZKURT;TUR;18817;40
277;Kaan TAHRAN;TUR;26100;40
277;Alfred BERTHOLD;GER;46468;40
277;Frederik Juul RØNNOW;DEN;34728;40
277;William KRIWAT;DEN;39075;40
277;Theodor SCHRÖDER;GER;38231;40
298;Daniel CORONAS;ESP;21860;36
299;Guillermo VALDES;ESP;24512;35
299;Muhammed Ali AKSOY;TUR;36505;35
299;Vasilije POPOVIC;SRB;43436;35
299;Maksim VIDAKOVIC;SRB;14448;35
299;Muhammed Mustafa EROL;TUR;39348;35
299;Ian KRIZMANIĆ;SLO;46255;35
299;Saul BERNABEU;ESP;24632;35
306;Vasilije JANKOVIC;SRB;42585;31
306;Oliver LIANG;HUN;42915;31
306;Zalan BERNATH;HUN;32944;31
306;Djordje OMRCEN;SRB;20633;31
310;Hikaru SEEWALD;AUT;34960;30
311;Bohdan POLIAKOV;UKR;80307;30
311;Volodymyr SHCHEPA;UKR;98380;30
311;Ryan SENG-KAWATO;FRA;21317;30
311;Joshua Jun Wing TANG;ENG;17084;30
311;Martim MARQUES;POR;28555;30
311;Guilherme NEGRITA;POR;23338;30
311;Michal GAJDA;SVK;39327;30
311;Olaf KWIECIEN;ENG;29119;30
311;Feliu TEROL;ESP;47194;30
311;German RIPOLL;ESP;36805;30
311;Joaquin HUERTAS;ESP;36570;30
311;Bruno FRANCO;ESP;48255;30
311;Mario RUBIO;ESP;28591;30
311;Maksymilian PAWLIK;POL;48259;30
311;Martin FRANTA;CZE;25090;30
311;Alexander MENTZEL;GER;28943;30
311;Marios OIKONOMOU;GRE;46501;30
311;Kaloyan TSANEV;BUL;19597;30
311;Justin CHAN;ENG;41783;30
311;Thomas STRICH;FRA;34498;30
311;Emil SJÖBERG;SWE;22765;30
311;IñIgo JIMENEZ;ESP;25612;30
311;Iker BARTOLOME;ESP;24583;30
311;Jamie CHOONG;ENG;43610;30
311;Matouš JANDA;CZE;47139;30
311;Aitor VIELSA;ESP;17687;30
311;Unai ROMERO;ESP;44307;30
311;Pablo ARA;ESP;36725;30
311;Mathias LEFORT;FRA;16800;30
311;Eryk LADZIAK;POL;44356;30
311;Marek ZAŇKA;CZE;47258;30
311;Ole FINCK;GER;37037;30
311;Hannes KLIEMANN;GER;17836;30
311;Leopold WEIDHAASE;GER;47078;30
311;Matti HINTZE;GER;42151;30
311;Dominik ARDELLI;POL;20214;30
311;Olgierd BYCZEK;POL;40447;30
311;Michal JURKIEWICZ;POL;44576;30
311;Dimitar RASHEV;BUL;33074;30
350;Lihini PANTHIYE GEDARA;AUT;24681;26
351;Florian NEUBERGER;AUT;19845;25
351;Piotr KUZNIAR;POL;41428;25
353;Aleksa RADOVANOVIC;SRB;33637;25
353;Danilo STEVANOVIC;SRB;47237;25
353;Nolan HUYNH-CHANH;FRA;40926;25
353;Gabriel PISKORSKI;POL;37320;25
353;Kuba PIOTROWSKI;POL;20079;25
353;Arthur Cristian MAIER;ROU;43617;25
353;Shashank NARAYANAM;NED;15920;25
353;Jeev ARUNBAL;NED;38757;25
353;Rafael GUILLOCHIN;FRA;45621;25
353;Jan HOTKO;SLO;37172;25
353;Marko PETKOVIC;SRB;18019;25
353;Shreyash KARUPOTHULA;NED;43120;25
353;Jaagrav RAJ;NED;22532;25
353;Talip KAYMAK;NED;43854;25
353;Tim BOELENS;NED;41557;25
353;Roeland NAGEL;NED;24540;25
353;Jonas LIN SCHEIDAT;NED;12660;25
353;Zize MIAO;GER;26177;25
353;Ben MITTERHAMMER;AUT;27814;25
353;Joonas VAPPER;EST;24278;25
353;Duncan POL;NED;24610;25
353;Kyano PETERS;NED;36941;25
353;Damian ECKRINGA;NED;16517;25
353;Syed Mohammed Hussain BILAL;ENG;26644;25
353;Aowei SU;GER;36484;25
353;Rhune VERHELST;BEL;26348;25
353;Milosz PRZEZAK;POL;38488;25
353;Julian BACZYNSKI;POL;22347;25
353;Sebastian ZAK;POL;29588;25
353;Pawel MROZ;POL;28968;25
353;Vincas VėJas RUTKAUSKAS;LTU;24787;25
353;Jasper D'HONT;BEL;31395;25
353;Tybe VANDERHAEGEN;BEL;35724;25
353;Ian WU;NED;33774;25
353;Matyáš KAŠPÁREK;CZE;47025;25
353;Marian TELEPKA;SVK;43237;25
353;Adam SELINGA;SVK;26146;25
353;Mihnea Alexandru MARCU;ROU;18437;25
353;David TATU;ROU;41683;25
353;Matei EREMITA;MDA;43556;25
353;Dragos MARTNOS;MDA;37384;25
394;Gabor Zoltan TOTH;HUN;40060;21
394;Tamas TOTH;HUN;39847;21
396;Aaron SHARMA BOSE;GER;44826;20
396;Athreya NARAYANAN;GER;37723;20
396;Krum NIKODIMOV;BUL;47108;20
396;Martins JAUNSLAVIETIS;LAT;43846;20
396;Dovydas DOVYDAS;LTU;12219;20
396;Danish PATTANAYAK;ENG;22659;20
396;Herkus PECIUKONIS;LTU;37874;20
396;Viggo BJARLIN;DEN;42818;20
396;Etienne Shi Hong FAN;ENG;36599;20
396;Diamantis KALLIGAS;GRE;47107;20
396;Alvaro GOMEZ;ESP;44768;20
396;Arthur CANIVET;FRA;42955;20
396;Laszlo PORE;HUN;27445;20
396;Jonas ALEKNAVICIUS;LTU;30575;20
396;Gustavs GEIBA;LAT;20161;20
396;Simon SKRABAK;SVK;41623;20
396;Vladimir CERNAK;SVK;20431;20
396;Roshan Simha CHEMBETI;NOR;25659;20
396;Hugo VERET;FRA;21745;20
396;Gavrail DELCHEV;BUL;14300;20
396;Miroslav ZHEKOV;BUL;40819;20
396;Urban ŽELEZNIK;SLO;43649;20
396;Kipras MASIDLAUSKAS;LTU;44563;20
396;Tautvydas BUJANAUSKAS;LTU;39046;20
396;Yigit Efe KESKIN;TUR;32554;20
396;Arturs GALINS;LAT;28752;20
396;Martins ARAJS;LAT;44945;20
396;Sebastian RIEF;GER;29421;20
396;Hendrik JEKIMOV;EST;43280;20
396;Alfred PERV;EST;33188;20
396;Morten ROZENTAL;EST;31390;20
396;Alex GINTZ;FRA;33927;20
396;Matisse LORBER;FRA;33459;20
396;Aksel Stavnes FOSSÅSKARET;NOR;39898;20
396;Anton HOFMANN;NOR;31101;20
396;Daniel NGUYEN;NOR;43110;20
396;Gabin ALLEAUME;FRA;34978;20
396;Rasmus WINTHER;DEN;19148;20
396;Frederik AARSLEV;DEN;16751;20
396;Fui MAO;DEN;36090;20
396;Sigurd BANG;DEN;37438;20
396;Emil BAK HÅKANSSON;DEN;25560;20
396;Emil BJØRN SCHULTZ;DEN;19241;20
396;Noah SCHØTT SEJTEN;DEN;46606;20
396;Aryan SHARMA;ENG;30009;20
396;Rego PALKOVICS;HUN;28148;20
442;Calvin PASCHER;GER;75418;15
442;Viet Anh NGUYEN;GER;41439;15
442;Alessandro LAGASIO;ITA;35076;15
442;Davide GOLDIN;ITA;31751;15
442;Kylian CANARD;FRA;46225;15
442;Pablo SANZ;ESP;36653;15
442;Tom DA SILVA;FRA;40817;15
442;Raul MOLINA DE TOMAS;ESP;25919;15
442;Martin FENOLL;ESP;44341;15
442;Luis DOMINGUEZ;ESP;35041;15
442;Daan LI;BEL;19454;15
442;Leo QUAEYBEUR;FRA;34219;15
442;ŠImon BEZDĚK;CZE;39161;15
442;Timon KREJČIŘÍK;CZE;39554;15
442;Kamil KOLANO;POL;47024;15
442;Tobias NIEDERMAYER;AUT;27077;15
442;Matvii SYDORENKO;POL;27306;15
442;Suchir Krishna ADDAGONDLA;ENG;18377;15
442;Gabriel COSSAC;FRA;27643;15
442;Erik STEEN;SWE;40396;15
442;Kim VERRIELE;FRA;27047;15
442;Erwin DINH;AUT;35226;15
442;Guillermo GONZALEZ;ESP;39732;15
442;Victor FALKELIUS;SWE;35396;15
442;Alex LI;SWE;46599;15
442;Tianhong Felix HUANG;GER;48871;15
442;Simon GAUDE;SWE;43648;15
442;Adrian SEIJO;ESP;12106;15
442;David CASAS;ESP;45845;15
442;Malte SIEMER;GER;49053;15
442;Evan PINCEBOURDE;FRA;18934;15
442;Qiran WANG;GER;25112;15
442;Pablo CIRUJANO;ESP;48432;15
442;Alejandro GONZALEZ;ESP;21453;15
442;Pau AMAYA;ESP;18071;15
442;Anton GONZALEZ;ESP;40646;15
442;Martin GÁNDARA;ESP;24028;15
442;Emilio FERNANDEZ;ESP;32787;15
442;Juan Alberto CABRERA;ESP;15916;15
442;Fernando MUR;ESP;29981;15
442;Guillermo FERNANDEZ;ESP;21846;15
442;Jose Miguel CALVO;ESP;43340;15
442;Jose RUEDA;ESP;48457;15
442;Antonio Jesus GRANADOS;ESP;38096;15
442;Alejandro GUIJARRO;ESP;42621;15
442;Punit KISHORE KUMAR;ENG;21898;15
442;Timo REICHEL;GER;49106;15
442;Sam REFF;GER;24290;15
442;Ivan BUCKENS TONG;BEL;22219;15
442;Nakha NAMSAVANG;FRA;27911;15
442;Igor SZABLEWSKI;POL;38280;15
442;Maciej SIEWIASZCZYK;POL;18055;15
442;Borys WEGLORZ;POL;33443;15
442;Gabriel COLOMBO;ITA;23928;15
442;Daniel SCHWANK;CZE;17771;15
442;Vinil Sai Kumar VIMAL;CZE;16586;15
442;David REICHMAN;CZE;48278;15
442;Riccardo GIANI;ITA;45755;15
442;Pontus SKEPPSTEDT;SWE;19815;15
442;Erik LINDH;SWE;21227;15
442;Marius MOEN;SWE;49132;15
442;Neo RISBERG;SWE;35827;15
442;Elliot MYNCKE;SWE;37931;15
442;Joel JACOBSSON;SWE;33856;15
442;Dominique DE LEON;ITA;37031;15
442;Manuel FRASSINE;ITA;43553;15
442;Maximilian MÜLLER;GER;16270;15
442;Pranobanto DHAR;GER;39416;15
442;Max HAHN;GER;48529;15
442;Filip DANILUK;POL;33908;15
442;Nikodem DERWINSKI;POL;22605;15
442;Waldemar WOJTOWICZ;POL;40464;15
442;Kacper MYSLEK;POL;39365;15
442;Kamil SKROK;POL;23345;15
442;Michal JAGLA;POL;46402;15
442;Ben LINDNER;GER;35587;15
442;Jamie MAUS;GER;10543;15
442;Yoshio SAOTOME;GER;17478;15
442;Tristan THEOBALD;GER;27830;15
442;Johannes KRUG;GER;26293;15
442;Dhruv PATIL;GER;24659;15
523;Ahmet CELEBI;TUR;68224;10
523;Onur ACU;TUR;63769;10
523;Antoni WIELGUS;POL;39501;10
523;Norbert KINCSES;HUN;19398;10
523;Baris ERMIS;TUR;34138;10
523;Naj SEŠEK;SLO;33874;10
523;Luke BETTS;WAL;16749;10
523;Surya VIJAY;WAL;48361;10
523;Elliot TIMONEN;SWE;40558;10
523;Ryan TANG;SWE;19149;10
523;Aljaž SVEČKO;SLO;23689;10
523;Ahmet Ensar AKTAS;TUR;35241;10
523;Can Eren PALA;TUR;44067;10
523;Engin MAKINECI;TUR;49622;10
523;Eray UNLU;TUR;37663;10
523;Hasim Kagan TOREMIS;TUR;45697;10
523;Kayra BICAKCI;TUR;20320;10
523;Kutay GOKGOZ;TUR;44512;10
523;Mehmet SAYIR;TUR;49310;10
523;Muhammed Ayaz BAYRI;TUR;18270;10
523;Oguz Kagan AKCA;TUR;39516;10
523;Omer Furkan OZEL;TUR;27931;10
523;Omer Taha YILDIRIM;TUR;25597;10
523;Yakup Talha SERBETCI;TUR;43564;10
523;Yusuf EFE;TUR;18776;10
523;Mert VURAL;TUR;20059;10
523;Ajan KRYEZIU;KOS;45494;10
523;Malsor SEJDIU;KOS;22660;10
523;Liam ASSALIT;FRA;29755;10
523;Magnus TJAGVAD;DEN;26938;10
523;Martin KNEZ OGORELEC;SLO;19700;10
523;Zakarias ELMQVIST;DEN;37276;10
523;Konstantin RISTIC;SRB;16614;10
523;Filip STOJADINOVIC;SRB;44575;10
557;Balazs SZABOLCS;HUN;29548;6
557;Ryan LAN;AUT;46998;6
557;Zsombor HORVATH;HUN;35732;6
557;Boldizsar ZAKAR;HUN;26609;6
557;Vince CSIZMADIA;HUN;32789;6
557;Bence VARACZKI;HUN;42799;6
557;Stanislaw KUCHARCZYK;POL;29706;6
