rang;disziplin;punkte;anzahl_turniere;vorname;name;nation;bec_player_id
1;GD;3000;9;Sofia;KERPLOVÁ;CZE;1926
2;GD;3000;10;Michaela;FEDORKOVÁ;CZE;1951
3;GD;3000;5;Yagmur Tuana;YEMISEN;TUR;7018
4;GD;3000;5;Simone Aoki;PIHL;DEN;5648
5;GD;3000;5;Irmak Rana;YEMISEN;TUR;7019
6;GD;2800;9;Naila Faiz;ANSARI;UAE;38062
7;GD;2800;5;Clara;MENEGAZZI BRIQUET;FRA;2105
8;GD;2800;11;Elena;POPIVANOVA;BUL;1887
9;GD;2640;3;Ines;PONCELA;ESP;878
10;GD;2640;3;Sara;DEL CASTILLO;ESP;940
11;GD;2640;3;Maria;POPOV;BUL;38722
12;GD;2640;3;Marie Faust;KJÆR;DEN;5914
13;GD;2640;5;Mutiara;MANDALA;ENG;30245
14;GD;2600;9;Ela;BIELESCHOVA;SVK;1307
15;GD;2600;10;Viktoriya;POPOVA;BUL;1886
16;GD;2600;11;Julietta;DÜBENDORFER;SUI;2142
17;GD;2600;6;Charlotta;HALOVA;SVK;1939
18;GD;2600;3;Juna;BARTSCH;GER;1818
19;GD;2600;8;Ella;ELIASKOVA;SVK;1292
20;GD;2600;3;Marie;FEIN;GER;1765
21;GD;2512;5;Emma;POGNANTE;FRA;2094
22;GD;2512;7;Apolline;ARDOIN;FRA;2167
23;GD;2440;4;Breana;AREM;GER;5686
24;GD;2440;5;Varvara;POPEREZHAI;UKR;1218
25;GD;2440;6;Sofia;GARCIA;ESP;927
26;GD;2440;4;Maria;GARCÍA;ESP;925
27;GD;2440;5;Ahata;RYSHTOVSKA;UKR;1207
28;GD;2440;3;Asya Tuana;ACAR;TUR;38466
29;GD;2440;7;Gaelle;DE CUYPER;BEL;2147
30;GD;2440;7;Jeanne;RAFFIN;FRA;2090
31;GD;2400;8;Kiara;VAR;SUI;40003
32;GD;2400;8;Maja;PASZEK;POL;1227
33;GD;2312;3;Melia;BEULE;FRA;2046
34;GD;2312;6;Lucie;DESLANDES;FRA;2143
35;GD;2280;9;Helena;HUANG;GER;2232
36;GD;2280;3;Shraddha;GOPALAKRISHNAN;ENG;2134
37;GD;2280;4;Alyssa;VOGT;FRA;2071
38;GD;2280;3;Martha;NG;ENG;2103
39;GD;2280;7;Vanessa;OSADSKA;SVK;1899
40;GD;2280;9;Jael;STUCKI;SUI;7173
41;GD;2280;15;Tea;REBESCO;CRO;1876
42;GD;2280;6;Jelena;ČOVIĆ;CRO;5936
43;GD;2240;5;Maria;JEDRUSIK;POL;1274
44;GD;2240;6;Nuria;SERRA;ESP;2185
45;GD;2240;8;Belen;SOTO;ESP;857
46;GD;2240;11;Ella;GERMANN;SUI;2137
47;GD;2152;5;Sophie;DELARUE;BEL;2145
48;GD;2152;6;Uma;IVANAUSKAITE;LTU;1276
49;GD;2152;11;Simay;MEHMEDOVA;BUL;2106
50;GD;2112;10;Liliana;SARLAYOVA;SVK;1869
51;GD;2112;7;Daria-Irina;GHERASIM;ROU;1942
52;GD;2112;5;Gabriella;ILLUM;DEN;38807
53;GD;2080;7;Nimet;ERGUN;TUR;7052
54;GD;2080;5;Lilly;WOOD;ENG;1174
55;GD;2080;4;Jemima;ELLIS;ENG;1291
56;GD;2080;7;Gulsu;VURAL;TUR;7021
57;GD;2080;6;Tereza;SKUTOVA;SVK;1865
58;GD;2080;5;Adela;LACHOVA;SVK;1921
59;GD;2080;8;Charlotte;WENDT;GER;2068
60;GD;2050;6;Vanessa;DINH;GER;5431
61;GD;2050;5;Zuzanna;ZEMLA;POL;493
62;GD;2050;4;Vedanshi;JAIN;ENG;2700
63;GD;2050;4;Isabella;DENG;GER;30377
64;GD;2024;4;Urte;GATELYTE;LTU;1287
65;GD;2024;5;Hanna;SZULSKA;POL;1187
66;GD;2024;5;Berra;TASDEMIR;TUR;5887
67;GD;2010;7;Teodora;PAVLOVA;BUL;1895
68;GD;2000;2;Amiya;SACHDEVA;UAE;41852
69;GD;1952;7;Lisa;MOOSBRUGGER;AUT;2694
70;GD;1952;3;Maja;SKJOLDBORG;DEN;38713
71;GD;1952;4;Lison;PREVOST;FRA;2092
72;GD;1922;3;Elisa;HESS;FRA;2025
73;GD;1922;8;Lucia;SLINGER;SUI;2079
74;GD;1922;6;Zuzanna;TURSKA;POL;527
75;GD;1850;4;Mette;KOOL;NED;2022
76;GD;1824;9;Laura;FODOROVA;SVK;1945
77;GD;1824;4;Clara Amalie Hegelund;BRUUN;DEN;38797
78;GD;1820;8;Gitika;VENKATASUBBAIAH;SUI;2072
79;GD;1820;3;Ines;DUVAL-ARNOULD;FRA;7009
80;GD;1820;4;Aimy;JOOSEN;FRA;41861
81;GD;1800;2;Romili;VAKK;EST;1182
82;GD;1800;2;Kaisa Liis;LEPP;EST;1250
83;GD;1800;2;Rajvi;PARAB;ENG;2006
84;GD;1792;4;Gloria;RODRÍGUEZ;ESP;1872
85;GD;1792;4;Matilda;MEINHARDT;GER;1241
86;GD;1792;4;Noelia;LOPEZ;ESP;1915
87;GD;1792;6;Mariia;ALEKSANDROVA;UKR;1318
88;GD;1792;5;Silke;MADER;GER;1695
89;GD;1792;9;Elza;SANDOR;HUN;1205
90;GD;1792;6;SOFIIA;NIKOLAIEVA;UKR;1233
91;GD;1792;4;Simona;REPSYTE;LTU;38718
92;GD;1792;3;Lucy;WANG;SWE;43012
93;GD;1722;4;Ailin;ZHENG;GER;2681
94;GD;1722;4;Jule;MEINHARDT;GER;5658
95;GD;1722;4;Mette;JORLÉN;SWE;5666
96;GD;1722;3;Elin;UHRE;DEN;30602
97;GD;1722;4;Jeanne;FORTUNE;FRA;12961
98;GD;1722;6;Dheeksha;TAMILSELVAM;UAE;39854
99;GD;1690;4;Liepa;MURAUSKAITE;LTU;5903
100;GD;1690;5;Maria Del Pilar;CARMONA;ESP;2260
101;GD;1690;8;Sara;ARENAS;ESP;2269
102;GD;1664;5;Aitana;TEJEIRO;ESP;2182
103;GD;1664;4;Chloe;FAN;ENG;12418
104;GD;1664;3;Lyzea;PELLE MANCEAU;FRA;2098
105;GD;1664;9;Jill;FELTEN;LUX;1948
106;GD;1664;12;Daria;DEMCHYKHINA;LUX;1957
107;GD;1664;7;Xulia;OTERO;ESP;6999
108;GD;1664;5;Eliza;LIANG;HUN;1919
109;GD;1664;6;KarolíNa;HNILIČKOVÁ;CZE;1938
110;GD;1664;8;Maia;FREIRE;ESP;7007
111;GD;1664;7;Krittika;ROY;GER;30533
112;GD;1664;5;Gabija;BERZINSKAITE;LTU;1308
113;GD;1664;4;Antoaneta;DIMITROVA;BUL;42458
114;GD;1664;7;Vanessa;PRAŽÁKOVÁ;CZE;1882
115;GD;1664;5;Elija;SUNKLADAITE;LTU;1193
116;GD;1640;4;Beril;OZUBIR;TUR;7147
117;GD;1620;12;Rebecca;LO CANE;LUX;1916
118;GD;1620;3;Emma Nissen;NIELSEN;DEN;5901
119;GD;1562;6;Matilda;SIMMA;AUT;1996
120;GD;1562;4;Sarah;NICKEL;GER;1674
121;GD;1562;9;Aliz;ARGYELAN;HUN;1975
122;GD;1562;8;Hanna;STEFKOVICS;HUN;1861
123;GD;1562;7;Malena;MAURER;SUI;5411
124;GD;1562;3;Lea Milter;BAY;DEN;5701
125;GD;1562;6;Lina;SCHWOB;SUI;2082
126;GD;1562;6;Mejse Marie;WENDEL;DEN;5689
127;GD;1562;9;Swara;SANTOSH KRISHNA;GER;38663
128;GD;1562;5;Grete;VELYKYTE;LTU;1178
129;GD;1562;5;Romy;OLIVA;GER;38800
130;GD;1562;8;Weronika;JASIULEWICZ;POL;744
131;GD;1562;5;Fien;KAERTS;BEL;2120
132;GD;1562;3;Vera;SUSANYI;HUN;1856
133;GD;1562;3;Ioli;PAPAKYRIACOU;CYP;5898
134;GD;1538;3;Elitsa;BOZHILOVA;BUL;5942
135;GD;1538;4;Katharina;ERTL;AUT;5928
136;GD;1536;7;Elena Andreea;COSTACHE;ROU;1960
137;GD;1536;7;Joline;BRUGGEMAN;NED;2159
138;GD;1536;7;Mira;SUN;GER;29876
139;GD;1536;10;Annika;KARMANN;GER;2226
140;GD;1536;4;Nomeda;SENIUNAITE;LTU;1200
141;GD;1536;9;Franziska Marie;DREES;GER;30203
142;GD;1512;2;Neela;LENGUE TE;FRA;2114
143;GD;1512;2;Rosa;RASMUSSEN;DEN;5720
144;GD;1512;2;Kotryna;UZUPE;SWE;41111
145;GD;1512;2;Tilda;MULDER FELLENIUS;SWE;41110
146;GD;1480;3;Christina;MARGARITIDOU;GRE;5908
147;GD;1480;3;Maria;GIANNOPOULOU;CYP;1941
148;GD;1460;4;Dite;KONTRIMAITE;LTU;38717
149;GD;1460;3;Emile;BAJORINAITE;LTU;38666
150;GD;1460;4;Veronika;TEPLIAKOVA;POR;1852
151;GD;1460;7;Teodora;MILIVOJEVIĆ;SLO;5905
152;GD;1460;3;Yaelle;BARRIER;FRA;39627
153;GD;1460;3;Anastassya;TATRANOVA;FRA;39624
154;GD;1434;5;Polina;PRYKHODKO;UKR;877
155;GD;1434;4;Hayley;LIOW;ENG;39753
156;GD;1434;6;Deva;GARCIA;ESP;929
157;GD;1434;3;Sandra;PASTOR;ESP;2201
158;GD;1434;5;Daya;VARIANGATTIL;ENG;39748
159;GD;1434;7;Bianca Elena;ISTRATE;ROU;1933
160;GD;1434;6;Laura;JASKOVA;SVK;5830
161;GD;1434;7;AgáTa;MAIXNEROVÁ;CZE;2218
162;GD;1434;5;Yelyzaveta;GUSARENKO;UKR;2235
163;GD;1434;6;Unni;PARIKKA;FIN;1229
164;GD;1434;4;Azra;TEKIN;TUR;7027
165;GD;1434;7;Eloïse;GUGLIELMETTI;LUX;2132
166;GD;1434;9;Aleksandra;PEYKOVA;BUL;1892
167;GD;1434;4;Ieva;PASKEVICIUTE;LTU;1228
168;GD;1434;5;Linda;TAPAJAKOVA;SVK;5817
169;GD;1434;5;Hedi Zsofia;LUJBER;HUN;5910
170;GD;1434;5;Anna;KÁBRTOVÁ;CZE;30145
171;GD;1410;2;Mudra;MAYEKAR;ENG;38116
172;GD;1410;2;Wiktoria;KALETKA;POL;739
173;GD;1410;2;Wendy;LE CAM;FRA;2117
174;GD;1378;3;Christina;PISSI;CYP;1890
175;GD;1378;3;Alexia;NEDELCU;GER;1678
176;GD;1378;3;Leonie;EUTENEUER;GER;38805
177;GD;1378;3;Monika;MAJEROVÁ;CZE;5808
178;GD;1378;6;Anna;PARGAČOVÁ;CZE;1230
179;GD;1352;3;Tesse;ALENTEYNS;BEL;31231
180;GD;1352;4;Franzi;HELLRIGL;ITA;2234
181;GD;1352;6;Raya;ZLATEVA;BUL;1833
182;GD;1332;3;Eylul Azra;AK;TUR;5876
183;GD;1332;5;Yvonne;BERNHOLTZ;SWE;31221
184;GD;1332;4;Mia Lykke;ALDER;DEN;5702
185;GD;1332;3;Buglem;KALAYCI;TUR;38469
186;GD;1332;3;Nina;FINSTER;GER;5793
187;GD;1332;3;Elen;PERNÍKOVÁ;CZE;30106
188;GD;1332;5;Eva;HEIDEN;GER;2336
189;GD;1332;5;Sidonie;KRUEGER;GER;1714
190;GD;1332;4;Isabella;NIM;DEN;5692
191;GD;1332;3;Natalia;BANASIAK;POL;1314
192;GD;1332;6;Judith;BINDER;GER;7164
193;GD;1332;3;Aleksandra;WASILEWSKA;POL;507
194;GD;1332;5;Amelie;HAGBERG;SWE;5926
195;GD;1332;4;Lucia;SKORKOVSKA;SVK;2688
196;GD;1332;4;Lena;MASLANKA;POL;1243
197;GD;1332;4;Rafaela;SILVA;POR;1867
198;GD;1332;3;Aneta;TEKELOVA;SVK;40157
199;GD;1332;6;Sulimar;CABRERA;ESP;1963
200;GD;1332;4;Sofie;MRÁZKOVÁ;CZE;30277
201;GD;1332;5;Daniela;MARQUES;ESP;895
202;GD;1332;4;Antonina;CYBULSKA;POL;42202
203;GD;1312;2;Ula;BUDRYTE;LTU;38715
204;GD;1296;6;Tita;STRUŠNIK;SLO;1858
205;GD;1250;3;Hanna;WYLEGA;POL;38655
206;GD;1250;4;Mencia;PEREZ;ESP;880
207;GD;1250;4;Nina;BAGE;NED;1822
208;GD;1250;3;Celine;PHANTHAVONG;FRA;2095
209;GD;1250;3;Maribel;SOUSA;POR;1862
210;GD;1250;3;Soraya Mira;NASIR;HUN;40293
211;GD;1250;4;Pia;RAPPEN;GER;2086
212;GD;1250;3;ŠáRka;DVOŘÁKOVÁ;CZE;30189
213;GD;1250;4;Sri Rama Anirvinya;MODEKURTI;SWE;30484
214;GD;1250;4;Ayten;DURMUS;TUR;5929
215;GD;1250;3;Hazal Bengisu;KESKIN;TUR;38473
216;GD;1250;3;Valeriia;YURCHENKO;UKR;1173
217;GD;1250;3;Rika;LENNERFORS;SWE;39805
218;GD;1250;3;Anastasiia;RUBAN;UKR;1208
219;GD;1250;6;Ivet;EDREVA;BUL;1954
220;GD;1230;5;Sara;BREGAR;SLO;40983
221;GD;1230;10;Lea;BURAZOR;CRO;1965
222;GD;1230;8;Laura;WAUKMANN;AUT;1838
223;GD;1230;6;Ainara;PUTRI;SUI;1880
224;GD;1230;3;Irma;SUTEKOVA;SVK;40204
225;GD;1230;3;Mariona Ying;MUÑOZ;ESP;2210
226;GD;1230;8;Sara Nina;FRITZSCHE;SUI;2138
227;GD;1230;8;Maja;PRANIĆ;CRO;1883
228;GD;1230;6;Maja Veronika;BOROS;HUN;1306
229;GD;1230;9;Carolina;PALAZZO;AUT;5851
230;GD;1230;5;Leona Carolin;FRIMMEL;GER;38757
231;GD;1230;4;Monique;SCHÜTT;GER;5400
232;GD;1230;3;Ecenur;NARTER;TUR;5854
233;GD;1210;2;Katrine;JØRGENSEN;DEN;30834
234;GD;1210;2;Elanur;TASKIRAN;TUR;7089
235;GD;1168;4;Pia;KOPANIA;ITA;2224
236;GD;1168;3;Lena;KORKUS;POL;1262
237;GD;1168;5;Eliška;DUFKOVÁ;CZE;5586
238;GD;1168;5;Amy;HODAČOVÁ;CZE;5582
239;GD;1168;3;Margherita;TOGNETTI;ITA;5567
240;GD;1168;4;Marta;ALVAREZ;ESP;2272
241;GD;1168;4;Sara;LLOPIS;ESP;897
242;GD;1168;3;Alba;PEREZ;ESP;2200
243;GD;1152;2;Maya;ALDER;DEN;43464
244;GD;1152;2;Alice;HUANG;SWE;40208
245;GD;1152;2;Shelly;MORAD;ISR;39886
246;GD;1152;2;Beatrix;SCHEUERLEIN;DEN;38803
247;GD;1152;2;Mila;BORRELLY;FRA;42387
248;GD;1152;2;Shreya;URS;ENG;39747
249;GD;1152;2;Vasilia;DEMETRIOU;CYP;29697
250;GD;1152;2;Aiwei;SUN;SWE;5634
251;GD;1152;2;Michelle;CHEN;ENG;30296
252;GD;1152;2;Alva;JACOBSEN;DEN;5921
253;GD;1148;5;Lea;DIEHL;GER;42023
254;GD;1148;4;Julika;BLOCK;GER;1812
255;GD;1148;6;Veronika;BURDOVÁ;CZE;1964
256;GD;1148;4;Julie;RUMLOVÁ;CZE;30134
257;GD;1148;3;Mylie;JOURDAN;FRA;39622
258;GD;1148;3;Analia Sabela;VILLABONA;ESP;39631
259;GD;1148;4;Natalia;KAROLAK;POL;38654
260;GD;1148;4;Mila;VRHOVNIK;SLO;40964
261;GD;1148;3;Zeynep Sude;EREL;TUR;40175
262;GD;1148;5;Jana;HNILICOVÁ;CZE;1937
263;GD;1148;4;Lucie;BEDNÁŘOVÁ;CZE;30144
264;GD;1148;3;Nikol;PATEROVÁ;CZE;30205
265;GD;1148;3;Ella;NOGHIN;SWE;39756
266;GD;1148;3;Ceylinaz;MUMCU;TUR;40171
267;GD;1148;5;Papp;EMMA REBEKA;HUN;1953
268;GD;1148;6;Rania;VINDIŠ;CRO;1844
269;GD;1148;3;Sonia;MEINESZ;ESP;2211
270;GD;1148;3;Malin;SCHNEIDER;SUI;39621
271;GD;1148;5;Emma;JENTGES;LUX;40614
272;GD;1148;5;Amalia-Maria;SOHODOLEANU;ROU;1864
273;GD;1148;3;Nathalie;WITTENBROCK;GER;38802
274;GD;1148;3;Sara;STAATS;NED;2078
275;GD;1148;3;Jill;BELJAARS;NED;29695
276;GD;1148;3;Ami;VAN BEKKUM;NED;29693
277;GD;1148;3;Adithi;DASA;NED;29769
278;GD;1148;5;Leonie Sophie;DREES;GER;5797
279;GD;1128;2;Ecrin;KARA;TUR;43609
280;GD;1128;2;Ailian;XIA;CYP;5393
281;GD;1128;2;Sara;BORDEIANU;ROU;1967
282;GD;1128;2;Ruilian;XIA;CYP;5392
283;GD;1128;2;Viktoria;MACEDO NÄSLUND;SWE;40287
284;GD;1066;3;Dominika;BURCZYNSKA;POL;42453
285;GD;1066;3;Aleksandra;DURAS;POL;42456
286;GD;1066;4;Kristýna;GERBELOVÁ;CZE;30252
287;GD;1066;3;Anna;ZIRNWALD;GER;7498
288;GD;1066;4;Fanny;BARRAULT;FRA;2165
289;GD;1066;6;Isabella;RITTER;AUT;1875
290;GD;1066;3;Dana;ARNOLD;GER;1824
291;GD;1066;7;Arijalda;MUSTAFIC;SLO;1906
292;GD;1066;4;Teodora;LATAS;SRB;1920
293;GD;1066;3;Lena;GÜTL;GER;5425
294;GD;1066;7;Maja;MAVEC;SLO;1909
295;GD;1066;5;Amalia Ioana;VLAD;ROU;1842
296;GD;1066;3;Lena;KONIECZNA;POL;42641
297;GD;1066;5;Sarah;MÜLLER;GER;40612
298;GD;1066;5;Lilly;REITER;GER;2321
299;GD;1066;3;Nele;RÖHRIG;GER;5403
300;GD;1066;3;Nadia;MALLEIER;ITA;30909
301;GD;1066;3;Lilly;RADEVA;BUL;7092
302;GD;1066;3;Flavia;BOCICA;ESP;1970
303;GD;1050;2;Maiken;KOUSTED;DEN;39774
304;GD;1024;2;Mahonie;PLANTEFEVE;FRA;42388
305;GD;1024;2;LæRke Grauholm;NIELSEN;DEN;39760
306;GD;1024;2;Izabela;IVANOVA;BUL;42857
307;GD;1024;2;Jore;KAVALIAUSKAITE;LTU;433
308;GD;1024;2;Meja;JAHANI;SWE;5920
309;GD;1024;2;Carmella Krislin;KRUUS;EST;5466
310;GD;1024;2;Cecilie;KARLSEN;DEN;39769
311;GD;1000;1;Sophia;LOUDRUP;DEN;5730
312;GD;1000;1;Mia;FOX;ENG;2140
313;GD;984;3;Merrysa;NAHDAWI;ITA;30346
314;GD;984;3;Sally;MOUAI;CZE;30120
315;GD;984;3;Brina;ZALETEL;SLO;5563
316;GD;984;3;Naja;HORVAT;SLO;5925
317;GD;984;5;Isabela;ŠEME;SLO;1868
318;GD;984;6;Zarja;ŽLEBNIK;SLO;1832
319;GD;984;3;Julia;NIELSEN;DEN;39776
320;GD;968;2;Athanasia;IOANNIDI;GRE;5923
321;GD;968;2;Evelina;FREIJA;LAT;1288
322;GD;968;2;Agnes;KAREN;DEN;39757
323;GD;968;2;Garvita;YADAV;SWE;5880
324;GD;968;2;Daniella;RAMIREZ;ESP;2197
325;GD;922;2;Julie;SØGAARD;DEN;5712
326;GD;922;2;Flore-Ann;MATHIOT;FRA;42396
327;GD;922;2;Filippa;ØSTERGAARD;DEN;5725
328;GD;922;2;Elena;BURDEAU PETIT;FRA;2158
329;GD;922;2;Natasza;PUTALA;POL;1214
330;GD;922;2;Telma;SCHÄRBERG;SWE;2187
331;GD;922;2;Louane;BOUSSEAU;FRA;43378
332;GD;922;2;Sarah;STORZ;GER;5949
333;GD;922;2;Eva;TVAPANYAN;BUL;7087
334;GD;922;2;Nidhi;SHUKLA;ENG;43391
335;GD;922;2;Beril;KOCAOSMANOGLU;TUR;43603
336;GD;922;2;Iremsu;TUNA;TUR;7088
337;GD;922;2;Camille;DELETTRE;FRA;2144
338;GD;922;2;Ana Francisca;COSTA;POR;1961
339;GD;922;2;Marina Frances;CHRISTOFOROU;CYP;29661
340;GD;922;2;Eloise;POULY;FRA;42390
341;GD;922;2;Anushka;AMBROSE;ENG;7232
342;GD;922;2;Vega;GONZALEZ;ESP;7005
343;GD;922;2;Ivana;GYUROVA;BUL;5518
344;GD;840;2;Mara;STRICKER;ITA;29711
345;GD;840;2;Alicia;BRAO;ESP;2265
346;GD;840;2;Asma;ABEL;QAT;5627
347;GD;840;2;Emily;BISCHOFF;GER;41857
348;GD;840;2;Victoria;BRAUN;GER;41859
349;GD;840;2;Bianca;ONICA;ROU;38770
350;GD;840;2;Emma;RYBERG;SWE;5642
351;GD;840;2;Noor;ABEL;QAT;5626
352;GD;820;2;Clara;STORK;GER;30568
353;GD;820;2;Oliwia;SUROWIEC;POL;547
354;GD;820;2;Maya;YILDIZ;GER;5391
355;GD;820;2;Darta;ZANDBERGA;LAT;1171
356;GD;820;2;Damla;DINDAR;TUR;39466
357;GD;820;2;Hanna;KOCHANSKA;POL;38659
358;GD;820;2;Nevra;MUTLU;TUR;9137
359;GD;820;2;Cemile Idilsu;YARDIM;TUR;39469
360;GD;820;2;Meghna;MAHESH;ENG;5784
361;GD;820;2;Emma Dunfeldt;HECKMANN;DEN;39770
362;GD;820;2;Natalia;KUNIKOVA;SVK;39947
363;GD;820;2;Julie;GAUCH;SUI;30118
364;GD;820;2;Aurora;LAIZANE;LAT;1253
365;GD;820;2;Anna;STOCH;POL;38656
366;GD;820;2;Anna;BANDO;POL;1313
367;GD;820;2;Sine-Marie Iversen;FLINK;DEN;5748
368;GD;820;2;Mathilde;RASMUSSEN;DEN;5722
369;GD;800;1;Auriane;VASILEVSKI;BEL;1179
370;GD;800;1;Linn;NYSTRÖM;SWE;42974
371;GD;800;1;Mante;JABLONSKYTE;LTU;43409
372;GD;800;1;Lea;DAUPHINAIS;BEL;1298
373;GD;800;1;Xiaoyin;LIANG;SWE;5662
374;GD;738;2;Lisa;TSCHIMBEN;ITA;42806
375;GD;738;2;Maira;BUCKEL;GER;43255
376;GD;738;2;Rosie Yirou;WU;AUT;42799
377;GD;738;2;Alina;MEIER;SUI;40404
378;GD;738;2;Taute;BALTAKYTE;LTU;38657
379;GD;738;2;Dina;STRUMPF;GER;5768
380;GD;738;2;Eda;ANLAYISLI;TUR;43616
381;GD;738;2;Nisanur;GENCTURK;TUR;43615
382;GD;738;2;Paula;CASAS;ESP;950
383;GD;738;2;Blanca;RUBIO;ESP;2193
384;GD;738;2;Tereza;ŠTĚRBOVÁ;CZE;42865
385;GD;738;2;Aleksandra;VUCAN;BIH;38941
386;GD;738;2;Mirtel Marii;KESKEL;EST;1266
387;GD;738;2;Ilona;ROOGSOO;EST;1209
388;GD;738;2;Barbora;SMÁHOVÁ;CZE;42868
389;GD;738;2;Denisa;AUDY;CZE;42864
390;GD;738;2;Ester;INIESTA;ESP;2229
391;GD;738;2;Melissa;ROMANUKA;LAT;1210
392;GD;738;2;Julia;SCHNEEBERGER;SUI;38808
393;GD;738;2;Thea;SIKOROVÁ;CZE;42867
394;GD;738;2;Cathrine;HOLME;DEN;5741
395;GD;738;2;Caroline;FUNDER;DEN;39775
396;GD;738;2;Merle;VELDT;DEN;39771
397;GD;738;2;Victoria;STENBERG;SWE;5636
398;GD;738;2;Julia;LUKASZEWSKA;POL;1248
399;GD;738;2;Inez Zenteno;WILLUMSEN;DEN;39778
400;GD;738;2;Julia;MROZEK;POL;1235
401;GD;738;2;Antonina;ZYCH;POL;1163
402;GD;738;2;Josefine;HASTRUP;DEN;5742
403;GD;738;2;Antonina;WNUK;POL;1175
404;GD;738;2;Rune;VAN DE VELDE;BEL;40613
405;GD;738;2;Ananya;KANDALA;FIN;2119
406;GD;738;2;Mariia;SHEVCHUK;UKR;39812
407;GD;738;2;Patricia;STASOVA;SVK;40194
408;GD;738;2;Simona;CHOMISTEKOVA;SVK;40191
409;GD;738;2;Blanca;CANTON;ESP;2261
410;GD;656;2;Rasa;NORVAISAITE;IRL;2206
411;GD;656;2;Bianka;ROZSA;HUN;5554
412;GD;656;2;Carol;JOY;IRL;5665
413;GD;656;2;Laura;GRILLO;ITA;42796
414;GD;656;2;Matilde;FALKENBERG;DEN;39758
415;GD;656;2;Melania;SVACHOVA;SVK;2687
416;GD;656;2;Amelia;ZIELINSKA;POL;1165
417;GD;656;2;Klara;SIADLAK;POL;1199
418;GD;656;2;Denize;SAUKANE;LAT;1201
419;GD;656;2;Leila Anna;SILINA;LAT;1198
420;GD;656;2;Maja;ZMARZ;POL;1164
421;GD;656;2;Merel;PATTEET;BEL;2100
422;GD;656;2;Wioletta;KAMOLA;POL;38653
423;GD;656;2;Suluo;LI;GER;30381
424;GD;656;2;Carla;GRÄFE;GER;38799
425;GD;656;2;Nuria;ALVAREZ;ESP;965
426;GD;656;2;Klaudia;WRZESNIEWSKA;POL;38667
427;GD;656;2;Karolina;HOSZOWSKA;POL;38669
428;GD;640;1;Rosey;YIN;CAN;42409
429;GD;640;1;Abigail;LAM;CAN;42410
430;GD;640;1;Neta;SHLOMO;ISR;5495
431;GD;640;1;Burcu;ISIK;TUR;5922
432;GD;640;1;Sude;GOZEN;TUR;39418
433;GD;640;1;Sudenaz;ARSLAN;TUR;9149
434;GD;640;1;Evangelia;NEMTSA;GRE;43077
435;GD;640;1;Theresa;WENDT;GER;5394
436;GD;640;1;Madara;GAURE;LAT;1286
437;GD;640;1;Maria Jesus;AYBAR;ESP;42256
438;GD;640;1;Simay Gunes;TUNCER;TUR;43045
439;GD;640;1;Despoina;CHOTZOUDI;GRE;43078
440;GD;640;1;Agnieszka;KOPKA;POL;41824
441;GD;640;1;Leyre;RAIGON;ESP;30388
442;GD;640;1;Ilknur;SEZER;TUR;38472
443;GD;640;1;Eleni;ELEFTHERIOU;CYP;5523
444;GD;512;1;Kirsika;VAIDLA;EST;5540
445;GD;512;1;Mika;TSIBULSKY;ISR;41709
446;GD;512;1;Yi Lin;GOH;ENG;30150
447;GD;512;1;Celeste;DALIDET;FRA;5560
448;GD;512;1;Camille;LEROUX;FRA;41152
449;GD;512;1;Huan;XU;SWE;42999
450;GD;512;1;April;YANG;SWE;42993
451;GD;512;1;Dilmi;ANDURANMULLA VITHANAGE;SWE;42997
452;GD;512;1;Clara;CHRETIEN;FRA;2254
453;GD;512;1;Sema;CIYRIK;TUR;43743
454;GD;512;1;Azra Sultan;BOYALI;TUR;39467
455;GD;512;1;Efsa;TEKDEMIR;TUR;43761
456;GD;512;1;Ruya;ADALI;TUR;9153
457;GD;512;1;Berfin;BAŞARAN;TUR;15025
458;GD;512;1;Barbara;LUJBER;HUN;44706
459;GD;512;1;Alexia;CHIRILA;ROU;5938
460;GD;512;1;Iana;ONICA;ROU;43529
461;GD;512;1;Ita;SIMA;ISR;5494
462;GD;512;1;Manon;HEITZMANN;FRA;1749
463;GD;512;1;Aviv;SCHNEIDMAN;ISR;8039
464;GD;512;1;Kalina;KOSEVA;BUL;43678
465;GD;512;1;Aleksandra;LOCHOWICZ;POL;42619
466;GD;512;1;Kamila;SAKOWICZ;POL;42625
467;GD;512;1;Rozi;FEIND;HUN;42482
468;GD;512;1;Annie;KÄLLMAN;SWE;42981
469;GD;512;1;Paraskevi;NIKIFOROU;CYP;29691
470;GD;512;1;Noya;ULIEL;ISR;41712
471;GD;512;1;Nora;MORÉN;SWE;42984
472;GD;512;1;Elva;HALLBERG;SWE;42995
473;GD;512;1;Paulina;CARTHERY;FRA;2155
474;GD;512;1;Caroline;MUNK MORTENSEN;DEN;44671
475;GD;512;1;Anna;NIKOLAOU;CYP;43667
476;GD;512;1;Gabriela;TURSKA;POL;42618
477;GD;512;1;Bozhidara;BOYANOVA;BUL;7072
478;GD;512;1;Iara;DIONÍSIO;POR;5933
479;GD;512;1;Nina;LOURGHI;FRA;2111
480;GD;512;1;Naama;VERNER;ISR;41708
481;GD;410;1;Dakshita;GOYAT;NED;42824
482;GD;410;1;Ivaila;ORESHKOVA;BUL;7038
483;GD;410;1;Elif Duru;DURSUN;TUR;7054
484;GD;410;1;Nanda;MENON;NED;40213
485;GD;410;1;Morgane;DUMES;FRA;5429
486;GD;410;1;ŽIva;STROPNIK;SLO;43366
487;GD;410;1;Constanze;THULL;GER;42810
488;GD;410;1;Amishi;TIWARI;GER;7151
489;GD;410;1;Sennova;LINDLAND;NOR;40405
490;GD;410;1;Elin;THÜRLEMANN;SUI;40212
491;GD;410;1;Elen;HANZELKOVÁ;CZE;43358
492;GD;410;1;Barbora;TOMÁŠKOVÁ;CZE;42704
493;GD;410;1;Alina;LIN;GER;42703
494;GD;410;1;Lucia;WANG;GER;42452
495;GD;410;1;Chinmayi;KISHOR;ENG;30606
496;GD;410;1;Simiao;YUAN;CYP;41853
497;GD;410;1;Yaghmur;GULIYEVA;AZE;30540
498;GD;410;1;Ada;KECECI;TUR;5859
499;GD;410;1;Karin;DVORSKA;SVK;5834
500;GD;410;1;Mia;GINDULIN;AUT;1940
501;GD;410;1;Ava;DODKINS;ENG;43392
502;GD;410;1;Pika;ŠKRLJ;SLO;43359
503;GD;410;1;Leyla;JAMALZADE;AZE;2061
504;GD;410;1;Boglarka;MOLNAR;HUN;40149
505;GD;410;1;Greta;CHOI;ENG;39745
506;GD;410;1;Yashica;RACHARLA;ENG;12283
507;GD;410;1;Yashica;EARLA;ENG;12364
508;GD;410;1;Nina;ZHANG;GER;43149
509;GD;410;1;Daniela;RUNDE;LAT;5691
510;GD;410;1;KateřIna;MALÁ;CZE;7184
511;GD;410;1;Ieva;VALGE;LAT;5440
512;GD;410;1;Hayley;LIOW;ENG;39869
513;GD;410;1;Mille;RIIS;DEN;5710
514;GD;410;1;Elizabete;ERSTA;LAT;39941
515;GD;410;1;Megija Vaira;BUSA;LAT;38719
516;GD;410;1;Mara;NEVEDOMSKA;LAT;5902
517;GD;410;1;Eva Julija;SMOLČNIK;SLO;43363
518;GD;410;1;Ching Huen;CHOI;POR;40623
519;GD;410;1;Francisca;TORRES;POR;40627
520;GD;410;1;Larissa;SCHEIFF;GER;42024
521;GD;410;1;Yu Hei;CHOI;POR;40625
522;GD;410;1;Ana Pedro;SILVA;POR;40626
523;GD;410;1;Varshini;MANIKANDAN;NOR;40403
524;GD;410;1;Constanca;GUSTAVO;POR;40632
525;GD;410;1;Sofia;MENITRA;POR;40618
526;GD;410;1;Leonor;SANTOS;POR;40630
527;GD;410;1;Catarina F.;MARTINS;POR;40360
528;GD;410;1;Sara;KRISHNA;SUI;40285
529;GD;410;1;Lea;BALAGNY;FRA;40491
530;GD;410;1;Elisa;THIBOT;FRA;40553
531;GD;410;1;Leila;MARQUES;POR;40631
532;GD;410;1;Jennifer;RODRÍGUEZ;POR;40359
533;GD;410;1;Youran;XU;GER;42025
534;GD;410;1;Amy;ROSENTHAL;GER;5774
535;GD;410;1;Yixin;GAO;FRA;39629
536;GD;410;1;Elif Naz;SISGINOGLU;TUR;5850
537;GD;410;1;Jinglan;LIAO;FRA;39628
538;GD;410;1;Veronika;SIMOVA;UKR;1197
539;GD;410;1;Lucia;NOGUERA;ESP;42193
540;GD;410;1;Alix;ABRIEL;FRA;40488
541;GD;410;1;Elin;YE;SWE;40209
542;GD;410;1;Maja;KIELAN;POL;41814
543;GD;410;1;Maja Louise;SØGAARD;DEN;39762
544;GD;410;1;Selma Hee Kronborg;PEDERSEN;DEN;38804
545;GD;410;1;Julia;PLESINSKA;POL;41816
546;GD;410;1;Linnea;LIND;SWE;43014
547;GD;410;1;Yuhe;HU;SWE;43009
548;GD;410;1;Davina;HÄLLQVIST;SWE;42996
549;GD;410;1;Kincso;KADAR-NEMETH;HUN;1928
550;GD;410;1;Lilla;MOLNAR;HUN;42415
551;GD;410;1;Isabel;NUNES;POR;5899
552;GD;410;1;Marta;RICO;ESP;42199
553;GD;410;1;Daria;POPOVA;UKR;1217
554;GD;410;1;Maja;FROM;DEN;38801
555;GD;410;1;Milica;RADUJKOVIĆ;BIH;38940
556;GD;410;1;Mila;MULLER;FRA;42411
557;GD;410;1;Carlota;BALBOA;ESP;42265
558;GD;410;1;Lucia;CID;ESP;945
559;GD;410;1;Sara;ALFAYA;ESP;42275
560;GD;410;1;Laia;GINER;ESP;42261
561;GD;410;1;Alienor;DAVAL;FRA;40513
562;GD;410;1;Sarah;BOHRHAUER;FRA;42385
563;GD;410;1;Alexia;PEREZ;ESP;42271
564;GD;410;1;Armelle;LE DIMET;FRA;42392
565;GD;410;1;Natalia;HALADUS;POL;42635
566;GD;410;1;Lena;NOWAK;POL;42626
567;GD;410;1;Srisarayu;RAMISETTY;NED;42008
568;GD;410;1;Harshini;SRIRAMAN;NED;29701
569;GD;410;1;Capucine;PERONNE;FRA;42874
570;GD;410;1;Leone;MARIE;FRA;42873
571;GD;410;1;Marta Helena;PALLON;EST;1231
572;GD;410;1;Mirtel;VÄRV;EST;1180
573;GD;410;1;Gulsu;DEMIRBILEK;TUR;5869
574;GD;410;1;Amelia;GANCARCZYK;POL;38660
575;GD;410;1;LæRke;MOURITSEN;DEN;43081
576;GD;410;1;Nadja;TODOROVIC;SRB;44712
577;GD;410;1;Rosa Storm;CALLESEN;DEN;44495
578;GD;410;1;Oliwia;JASZCZERSKA;POL;42627
579;GD;410;1;Charlotte;CROMMEN;BEL;42976
580;GD;410;1;Hanne;DEN HOND;BEL;42992
581;GD;410;1;Freya;DANCY;DEN;44517
582;GD;410;1;Ellen-Marie;LYBÆK;DEN;44492
583;GD;410;1;Venya;GUNDA;DEN;44658
584;GD;410;1;Darena;PAVLOVA;BUL;39416
585;GD;410;1;Hira;SABAN;TUR;43735
586;GD;410;1;Hayrulnisa;CAKIR;TUR;43766
587;GD;410;1;Emine Tugba;KAYIM;TUR;43765
588;GD;410;1;Anastasia;BACHARIDI;GRE;38716
589;GD;410;1;Zeynep Hatice;ERYILMAZ;TUR;43767
590;GD;410;1;Eva;ZORATTO;FRA;39630
591;GD;410;1;Sara;SANJURJO;ESP;44447
592;GD;410;1;Alais;CARMARAN;FRA;44074
593;GD;410;1;Lucia;PEREZ;ESP;44490
594;GD;410;1;Nadia;ALONSO;ESP;44500
595;GD;410;1;Melissa;MOTARD;FRA;42402
596;GD;410;1;Mathilde;MOREL;FRA;44193
597;GD;328;1;Shona;BROWN;SCO;2262
598;GD;328;1;Layla;SHAW;SCO;2184
599;GD;328;1;Benedicte Kryger;BOE;DEN;44514
600;GD;328;1;Tringa;IBRAJ;KOS;38777
601;GD;328;1;Rita;GUDA;KOS;43750
602;GD;328;1;Monah;KUNDL;AUT;44687
603;GD;328;1;Emily;SUN;AUT;44690
604;GD;328;1;Irene;LOZANO;ESP;2221
605;GD;328;1;Ekaterina;MARCOV;BUL;7095
606;GD;328;1;Bettina;RALL;GER;5775
607;GD;328;1;Julia;WITTENBROCK;GER;38811
608;GD;328;1;Aurore;GAILLARD;SUI;7162
609;GD;328;1;KarolíNa;MARADOVÁ;CZE;42870
610;GD;328;1;Barbora;POLÍVKOVÁ;CZE;42869
611;GD;328;1;Nina;RADOVÁ;CZE;30121
612;GD;328;1;Anastasiia;RADIUKOVA;UKR;42823
613;GD;328;1;Yelyzaveta;RAKYTIANSKA;UKR;42822
614;GD;328;1;Magdalena;KAWKA;POL;42660
615;GD;328;1;Michalina;LEFEK;POL;42661
616;GD;328;1;Maja;KOSAKOWSKA;POL;42659
617;GD;328;1;Michalina;KURKOWSKA;POL;42658
618;GD;328;1;Agata;SZELIGA;POL;42607
619;GD;328;1;Maja;SZYSZKOWSKA;POL;42633
620;GD;328;1;Tetiana;POPOVA;UKR;5895
621;GD;328;1;Anastasiia;SVACHII;UKR;42572
622;GD;328;1;Maja;MASCIBRODA;POL;42621
623;GD;328;1;Roza;SZYPEREK;POL;42637
624;GD;328;1;Natasza;CIESIELSKA;POL;42657
625;GD;328;1;Julia;SZYMANIAK;POL;1186
626;GD;328;1;Rosana;GARCIA;ESP;2240
627;GD;328;1;Jaagruti;MANNEM;SCO;2217
628;GD;328;1;Shreya;VARGHEESE;SCO;2175
629;GD;328;1;Laira;RÖHL;GER;1211
630;GD;328;1;Irene;FELIPE;ESP;2246
631;GD;328;1;Alanis;ALCAYDE;ESP;2273
632;GD;328;1;Candela;HIDALGO;ESP;2233
633;GD;328;1;Skaja;DAPKUTE;LTU;1299
634;GD;328;1;Ewelina;ARCZYNSKA;POL;38661
635;GD;328;1;Ana;DUMITRU;ROU;38939
636;GD;328;1;Mara Ioana;RADU;ROU;38520
637;GD;328;1;Djina;CELAR;SRB;38768
638;GD;328;1;Luca;OTTUCSAK;HUN;42481
639;GD;328;1;Loriana;JANOCKOVA;SVK;42322
640;GD;328;1;Petra;OROSOVA;SVK;42323
641;GD;328;1;Zsofi;TAKACS;HUN;40154
642;GD;328;1;Lara;KISS;HUN;42483
643;GD;328;1;Jeanne;LE SECQ;FRA;39626
644;GD;328;1;Amira;PENDER;IRL;5897
645;GD;328;1;Hannah;SHOCHAN;IRL;5638
646;GD;328;1;Candela;REDONDO;ESP;42198
647;GD;328;1;Silvia;VARGAS;ESP;42196
648;GD;328;1;Sofia;DE LA CRUZ;ESP;42194
649;GD;328;1;Irene;MARTINEZ;ESP;42200
650;GD;328;1;Anna;BASOVA;POL;1310
651;GD;328;1;Barbara;DE FLASSILIER;POL;1297
652;GD;328;1;Agata;SZABAT;POL;7134
653;GD;328;1;Katelyn;HOORELBEKE;BEL;2128
654;GD;328;1;Julia;BINDER;GER;5953
655;GD;328;1;Marta;CZAJKA;POL;1300
656;GD;328;1;Julia;JURKUN;POL;1272
657;GD;328;1;Antonia;NIEZGODA;POL;1234
658;GD;328;1;Julia;KROLIKOWSKA;POL;1259
659;GD;328;1;Leonie;ZUMSTEIN;SUI;40289
660;GD;328;1;Mira;DEVOS;BEL;40611
661;GD;328;1;Caitlin;PANG;NED;29690
662;GD;328;1;Michelle;MONOSOV;GER;39956
663;GD;328;1;Helena;ALMEIDA;POR;5623
664;GD;328;1;Anna;TURA;POR;40357
665;GD;328;1;Nikki;KORVING;NED;5417
666;GD;328;1;Nika;BERCKMANS;BEL;31137
667;GD;328;1;Olivia;KUGLEROVÁ;CZE;40211
668;GD;328;1;Smilla;FLUHRER;GER;2243
669;GD;328;1;Diya Mary;CHERIAN;DEN;5755
670;GD;328;1;Alberte;POULSEN;DEN;39779
671;GD;328;1;Louise;BILLE-BIGGART;DEN;6994
672;GD;328;1;Julia;SUI;GER;43254
673;GD;328;1;Karina;FULOP;ROU;30924
674;GD;328;1;Michaela;DOBEŠOVÁ;CZE;2701
675;GD;328;1;Sadena;MAJIDI;GER;43440
676;GD;328;1;Lea Alexa;MÖLLER;GER;43495
677;GD;328;1;Sophia;HAUER;GER;42414
678;GD;328;1;Clara;MARCUS;GER;43367
679;GD;328;1;Finja;SCHÜRGER;GER;30216
680;GD;328;1;Ineke;BLOCK;GER;43510
681;GD;328;1;Lena;HECKEN;GER;43497
682;GD;328;1;Johanna;KOCK;GER;43457
683;GD;328;1;Lakshitha;RAMESH KUMAR;GER;43449
684;GD;328;1;Aadya;SMITA RAGHU;GER;40904
685;GD;328;1;Memunatu;MANSARAY;SLE;43625
686;GD;328;1;Hawanatu;MASSAQUOI;SLE;43626
687;GD;328;1;Adelina;FLOR;ROU;43455
688;GD;328;1;Edith Andrada;URSACHESCU;ROU;5885
689;GD;328;1;Emilia;VAZOURA;CYP;43162
690;GD;328;1;Michaelia;VOTSI;CYP;43161
691;GD;328;1;Eliza;DUTU;ROU;43617
692;GD;328;1;Ariana;GIURGIEV;ROU;43618
693;GD;328;1;Silje;BRIX OLSEN;DEN;44674
694;GD;328;1;Smilla Gualdoni;MADSEN;DEN;44486
695;GD;328;1;Ivana;MILJANOVIĆ;BIH;38771
696;GD;328;1;Eniko;MESZAROS;HUN;38772
697;GD;328;1;Nora;JANCSO;HUN;38521
698;GD;328;1;Ana;DIMITRIJEVIC;SRB;1956
699;GD;328;1;Zilling;ZHAN;AUT;1836
700;GD;328;1;ŠTěPáNka;NÝDRLOVÁ;CZE;2205
701;GD;328;1;Ugne;LADYGAITE;LTU;40288
702;GD;328;1;Aila;CHORNEY;CAN;44700
703;GD;328;1;Harper;SWAN;CAN;44699
704;GD;328;1;Noa;KORMAN;CRO;5579
705;GD;328;1;Iva;MIRKO;CRO;5576
706;GD;328;1;Simona;TALCIKOVA;SVK;39950
707;GD;328;1;Linda;CERNACKOVA;SVK;40158
708;GD;328;1;Elze;CERAUSKAITE;LTU;44689
709;GD;328;1;Eva;KAVALIAUSKAITE;LTU;44688
710;GD;328;1;Signe;FILTENBORG LARSEN;DEN;44676
711;GD;328;1;Liva;DUNFELDT HECKMANN;DEN;44656
712;GD;328;1;Liv;PLAUBORG;DEN;44679
713;GD;328;1;Eva Maria;ZANGERLE;ITA;30914
714;GD;328;1;Aimee;TRAN;AUT;5805
715;GD;328;1;Elsa;MITCHELL;ENG;7183
716;GD;328;1;Sofia;NI;GER;5777
717;GD;328;1;Naia;MARTINEZ;ESP;2213
718;GD;328;1;Leire;ACHOTEGUI;ESP;2274
