disziplin;turnier_id;teilnehmer;teilnehmer_fuer_staerke;teilnehmer_offiziell_gerankt;avg_elo;name;jahr;kw;bec17type;datum;rang
BD;32;54;16;16;473.8;Austrian U17 Open 2026;2026;18;U17 GP;2026-05-01;1
BD;13;64;16;16;435.1;31. TEM MIRNA U17 International 2025;2025;35;U17 IS;2025-08-29;2
BD;38;64;16;16;433.5;OLIVER Czech U17 International 2026;2026;13;U17 IC;2026-03-26;3
BD;9;64;16;16;418.5;Austrian U17 International 2025;2025;40;U17 GP;2025-10-03;4
BD;31;64;16;16;416.6;Adria U17 International 2026;2026;20;U17 GP;2026-05-15;5
BD;11;64;16;16;373.4;9th LI-NING Zagreb U17 Open 2025;2025;38;U17 IS;2025-09-19;6
BD;37;56;16;16;362.5;YONEX Bozner Cup U17 International 2026;2026;17;U17 IC;2026-04-24;7
BD;25;64;16;16;361.3;OLIVER Czech U17 International 2025;2025;14;U17 IC;2025-04-03;8
BD;30;56;16;16;353.2;Serbian U17 International - Novi Sad 2026;2026;25;U17 GP;2026-06-19;9
BD;19;84;16;16;331.2;YONEX German U17 Open 2025;2025;24;U17 IC;2025-06-06;10
BD;34;48;16;16;330.0;MALOW YONEX Polish U17 International 2026;2026;11;U17 GP;2026-03-13;11
BD;22;64;16;16;329.7;Austrian U17 Open 2025;2025;18;U17 GP;2025-05-02;12
BD;41;56;16;16;326.1;32. TEM MIRNA U17 International 2026;2026;35;U17 IS;2026-08-28;13
BD;48;70;16;16;309.6;2. LIVING SPORT Hungarian International U17 2026 powered by VICTOR;2026;9;U17 IS;2026-02-27;14
BD;33;64;16;16;308.1;VICTOR JOT U17 2026;2026;14;U17 GP;2026-04-03;15
BD;20;58;16;16;301.6;YONEX Polish Masters U17 2025;2025;22;U17 IC;2025-05-30;16
BD;39;60;16;16;298.1;YONEX France U17 Open 2026;2026;8;U17 IC;2026-02-19;17
BD;10;64;16;16;291.1;Slovak Youth U17 International 2025;2025;39;U17 IS;2025-09-26;18
BD;23;64;16;16;284.4;YONEX Bozner Cup U17 International 2025;2025;17;U17 IC;2025-04-25;19
BD;2;58;16;16;282.5;YONEX German Ruhr U17 International 2025;2025;51;U17 IC;2025-12-17;20
BD;27;82;16;16;274.8;1. Living Sport Hungarian International 2025;2025;10;U17 IS;2025-03-07;21
BD;36;64;16;16;273.8;YONEX German U17 Open 2026;2026;23;U17 IC;2026-06-05;22
BD;7;64;16;16;272.8;Luxembourg U17 2025;2025;43;U17 IS;2025-10-24;23
BD;18;64;16;16;257.5;Serbian U17 International - NOVI SAD 2025;2025;25;U17 GP;2025-06-20;24
BD;45;26;16;16;246.2;RSL Lithuanian U17 International 2026;2026;21;U17 IS;2026-05-22;25
BD;15;56;16;16;237.9;VICTOR French U17 International 2025;2025;33;U17 IS;2025-08-15;26
BD;26;64;16;16;224.4;MALOW YONEX Polish U17 International 2025;2025;11;U17 GP;2025-03-13;27
BD;46;40;16;16;223.1;Swedish U17 International 2026;2026;15;U17 IS;2026-04-10;28
BD;43;30;16;16;216.6;FZ FORZA French U17 International 2026;2026;33;U17 IS;2026-08-14;29
BD;1;66;16;16;201.6;BADMINTONPLANET Youth Tournament presented by VICTOR 2025;2025;52;U17 IC;2025-12-28;30
BD;40;60;16;16;189.1;Spanish Open U17 2026;2026;5;U17 IC;2026-01-29;31
BD;29;64;16;16;183.4;Spanish U17 Open 2025;2025;5;U17 IC;2025-01-31;32
BD;24;64;16;16;180.3;VICTOR JOT U17 2025;2025;16;U17 GP;2025-04-18;33
BD;28;56;16;16;166.9;YONEX France U17 Open 2025;2025;7;U17 IC;2025-02-13;34
BD;35;22;16;16;162.8;HEBAR U17 Bulgaria Open 2026;2026;27;U17 IC;2026-07-02;35
BD;4;26;16;16;162.2;Spanish International U17 2025;2025;46;U17 IS;2025-11-14;36
BD;8;60;16;16;160.3;VICTOR DENMARK JUNIOR U17 2025;2025;42;U17 IS;2025-10-16;37
BD;21;46;16;16;156.9;Bulgaria U17 International 2025;2025;19;U17 IS;2025-05-08;38
BD;5;36;16;16;155.3;Swedish Youth Games 2025;2025;46;U17 IC;2025-11-14;39
BD;12;42;16;11;134.1;RSL Sigulda U17 Open 2025;2025;37;U17 IS;2025-09-12;40
BD;47;22;16;16;121.2;Bulgaria U17 International 2026;2026;15;U17 IS;2026-04-07;41
BD;42;44;16;16;119.1;Danish Junior Cup U17 2026;2026;34;U17 IS;2026-08-21;42
BD;14;50;16;13;79.4;Danish Junior Cup U17 2025;2025;34;U17 IS;2025-08-22;43
BD;44;42;16;16;75.6;Istanbul U17 Open 2026;2026;28;U17 IS;2026-07-10;44
BD;6;38;16;10;63.1;V U17 Portugal Open 2025;2025;44;U17 IS;2025-10-31;45
BD;3;40;16;7;50.4;VICTOR Cyprus U17 International 2025;2025;50;U17 IS;2025-12-12;46
BS;32;64;16;16;273.1;Austrian U17 Open 2026;2026;18;U17 GP;2026-05-01;1
BS;9;64;16;16;259.9;Austrian U17 International 2025;2025;40;U17 GP;2025-10-03;2
BS;30;64;16;16;248.0;Serbian U17 International - Novi Sad 2026;2026;25;U17 GP;2026-06-19;3
BS;31;64;16;16;240.4;Adria U17 International 2026;2026;20;U17 GP;2026-05-15;4
BS;38;64;16;16;235.6;OLIVER Czech U17 International 2026;2026;13;U17 IC;2026-03-26;5
BS;13;64;16;16;230.9;31. TEM MIRNA U17 International 2025;2025;35;U17 IS;2025-08-29;6
BS;48;86;16;16;226.9;2. LIVING SPORT Hungarian International U17 2026 powered by VICTOR;2026;9;U17 IS;2026-02-27;7
BS;39;64;16;16;216.4;YONEX France U17 Open 2026;2026;8;U17 IC;2026-02-19;8
BS;37;64;16;16;216.1;YONEX Bozner Cup U17 International 2026;2026;17;U17 IC;2026-04-24;9
BS;10;64;16;16;213.7;Slovak Youth U17 International 2025;2025;39;U17 IS;2025-09-26;10
BS;34;62;16;16;213.7;MALOW YONEX Polish U17 International 2026;2026;11;U17 GP;2026-03-13;10
BS;23;64;16;16;210.4;YONEX Bozner Cup U17 International 2025;2025;17;U17 IC;2025-04-25;11
BS;25;64;16;16;210.1;OLIVER Czech U17 International 2025;2025;14;U17 IC;2025-04-03;12
BS;19;96;16;16;205.4;YONEX German U17 Open 2025;2025;24;U17 IC;2025-06-06;13
BS;27;93;16;16;202.6;1. Living Sport Hungarian International 2025;2025;10;U17 IS;2025-03-07;14
BS;7;64;16;16;202.6;Luxembourg U17 2025;2025;43;U17 IS;2025-10-24;14
BS;22;64;16;16;201.4;Austrian U17 Open 2025;2025;18;U17 GP;2025-05-02;15
BS;18;64;16;16;192.5;Serbian U17 International - NOVI SAD 2025;2025;25;U17 GP;2025-06-20;16
BS;41;68;16;16;189.8;32. TEM MIRNA U17 International 2026;2026;35;U17 IS;2026-08-28;17
BS;33;64;16;16;188.4;VICTOR JOT U17 2026;2026;14;U17 GP;2026-04-03;18
BS;11;64;16;16;188.1;9th LI-NING Zagreb U17 Open 2025;2025;38;U17 IS;2025-09-19;19
BS;36;65;16;16;187.8;YONEX German U17 Open 2026;2026;23;U17 IC;2026-06-05;20
BS;2;79;16;16;186.4;YONEX German Ruhr U17 International 2025;2025;51;U17 IC;2025-12-17;21
BS;40;64;16;16;178.8;Spanish Open U17 2026;2026;5;U17 IC;2026-01-29;22
BS;20;64;16;16;172.7;YONEX Polish Masters U17 2025;2025;22;U17 IC;2025-05-30;23
BS;26;82;16;16;163.4;MALOW YONEX Polish U17 International 2025;2025;11;U17 GP;2025-03-13;24
BS;45;28;16;16;155.9;RSL Lithuanian U17 International 2026;2026;21;U17 IS;2026-05-22;25
BS;8;68;16;16;154.5;VICTOR DENMARK JUNIOR U17 2025;2025;42;U17 IS;2025-10-16;26
BS;15;64;16;16;154.3;VICTOR French U17 International 2025;2025;33;U17 IS;2025-08-15;27
BS;46;46;16;16;151.6;Swedish U17 International 2026;2026;15;U17 IS;2026-04-10;28
BS;43;34;16;16;147.9;FZ FORZA French U17 International 2026;2026;33;U17 IS;2026-08-14;29
BS;35;31;16;16;147.5;HEBAR U17 Bulgaria Open 2026;2026;27;U17 IC;2026-07-02;30
BS;1;76;16;16;140.7;BADMINTONPLANET Youth Tournament presented by VICTOR 2025;2025;52;U17 IC;2025-12-28;31
BS;29;64;16;16;136.4;Spanish U17 Open 2025;2025;5;U17 IC;2025-01-31;32
BS;24;64;16;14;136.4;VICTOR JOT U17 2025;2025;16;U17 GP;2025-04-18;32
BS;14;62;16;16;124.9;Danish Junior Cup U17 2025;2025;34;U17 IS;2025-08-22;33
BS;12;49;16;16;123.3;RSL Sigulda U17 Open 2025;2025;37;U17 IS;2025-09-12;34
BS;42;48;16;16;120.6;Danish Junior Cup U17 2026;2026;34;U17 IS;2026-08-21;35
BS;28;64;16;16;119.1;YONEX France U17 Open 2025;2025;7;U17 IC;2025-02-13;36
BS;5;54;16;16;106.6;Swedish Youth Games 2025;2025;46;U17 IC;2025-11-14;37
BS;4;30;16;16;103.3;Spanish International U17 2025;2025;46;U17 IS;2025-11-14;38
BS;21;54;16;16;101.6;Bulgaria U17 International 2025;2025;19;U17 IS;2025-05-08;39
BS;47;23;16;16;85.5;Bulgaria U17 International 2026;2026;15;U17 IS;2026-04-07;40
BS;44;41;16;16;55.7;Istanbul U17 Open 2026;2026;28;U17 IS;2026-07-10;41
BS;6;43;16;10;42.9;V U17 Portugal Open 2025;2025;44;U17 IS;2025-10-31;42
BS;3;45;16;9;42.1;VICTOR Cyprus U17 International 2025;2025;50;U17 IS;2025-12-12;43
GD;9;64;16;16;394.1;Austrian U17 International 2025;2025;40;U17 GP;2025-10-03;1
GD;32;48;16;16;393.8;Austrian U17 Open 2026;2026;18;U17 GP;2026-05-01;2
GD;48;54;16;16;385.3;2. LIVING SPORT Hungarian International U17 2026 powered by VICTOR;2026;9;U17 IS;2026-02-27;3
GD;38;52;16;16;378.8;OLIVER Czech U17 International 2026;2026;13;U17 IC;2026-03-26;4
GD;31;50;16;16;371.9;Adria U17 International 2026;2026;20;U17 GP;2026-05-15;5
GD;30;48;16;16;334.4;Serbian U17 International - Novi Sad 2026;2026;25;U17 GP;2026-06-19;6
GD;39;36;16;16;320.0;YONEX France U17 Open 2026;2026;8;U17 IC;2026-02-19;7
GD;37;46;16;16;291.6;YONEX Bozner Cup U17 International 2026;2026;17;U17 IC;2026-04-24;8
GD;25;64;16;16;290.3;OLIVER Czech U17 International 2025;2025;14;U17 IC;2025-04-03;9
GD;10;64;16;16;288.1;Slovak Youth U17 International 2025;2025;39;U17 IS;2025-09-26;10
GD;33;34;16;16;284.1;VICTOR JOT U17 2026;2026;14;U17 GP;2026-04-03;11
GD;11;58;16;16;283.1;9th LI-NING Zagreb U17 Open 2025;2025;38;U17 IS;2025-09-19;12
GD;22;64;16;16;269.7;Austrian U17 Open 2025;2025;18;U17 GP;2025-05-02;13
GD;27;60;16;16;269.1;1. Living Sport Hungarian International 2025;2025;10;U17 IS;2025-03-07;14
GD;36;52;16;16;262.2;YONEX German U17 Open 2026;2026;23;U17 IC;2026-06-05;15
GD;41;38;16;16;251.9;32. TEM MIRNA U17 International 2026;2026;35;U17 IS;2026-08-28;16
GD;7;58;16;16;247.5;Luxembourg U17 2025;2025;43;U17 IS;2025-10-24;17
GD;34;52;16;16;240.9;MALOW YONEX Polish U17 International 2026;2026;11;U17 GP;2026-03-13;18
GD;23;56;16;16;235.6;YONEX Bozner Cup U17 International 2025;2025;17;U17 IC;2025-04-25;19
GD;19;60;16;16;213.1;YONEX German U17 Open 2025;2025;24;U17 IC;2025-06-06;20
GD;28;46;16;15;212.8;YONEX France U17 Open 2025;2025;7;U17 IC;2025-02-13;21
GD;40;42;16;16;211.2;Spanish Open U17 2026;2026;5;U17 IC;2026-01-29;22
GD;13;42;16;16;210.0;31. TEM MIRNA U17 International 2025;2025;35;U17 IS;2025-08-29;23
GD;24;60;16;16;202.2;VICTOR JOT U17 2025;2025;16;U17 GP;2025-04-18;24
GD;2;34;16;16;191.2;YONEX German Ruhr U17 International 2025;2025;51;U17 IC;2025-12-17;25
GD;43;26;16;16;179.1;FZ FORZA French U17 International 2026;2026;33;U17 IS;2026-08-14;26
GD;42;44;16;16;176.6;Danish Junior Cup U17 2026;2026;34;U17 IS;2026-08-21;27
GD;20;48;16;16;167.2;YONEX Polish Masters U17 2025;2025;22;U17 IC;2025-05-30;28
GD;45;8;8;8;158.8;RSL Lithuanian U17 International 2026;2026;21;U17 IS;2026-05-22;29
GD;35;18;16;16;151.2;HEBAR U17 Bulgaria Open 2026;2026;27;U17 IC;2026-07-02;30
GD;8;60;16;16;146.2;VICTOR DENMARK JUNIOR U17 2025;2025;42;U17 IS;2025-10-16;31
GD;26;52;16;16;142.2;MALOW YONEX Polish U17 International 2025;2025;11;U17 GP;2025-03-13;32
GD;29;60;16;16;141.6;Spanish U17 Open 2025;2025;5;U17 IC;2025-01-31;33
GD;15;40;16;15;139.7;VICTOR French U17 International 2025;2025;33;U17 IS;2025-08-15;34
GD;46;24;16;16;132.8;Swedish U17 International 2026;2026;15;U17 IS;2026-04-10;35
GD;4;20;16;11;132.5;Spanish International U17 2025;2025;46;U17 IS;2025-11-14;36
GD;18;62;16;16;130.9;Serbian U17 International - NOVI SAD 2025;2025;25;U17 GP;2025-06-20;37
GD;1;32;16;13;125.0;BADMINTONPLANET Youth Tournament presented by VICTOR 2025;2025;52;U17 IC;2025-12-28;38
GD;6;34;16;10;97.2;V U17 Portugal Open 2025;2025;44;U17 IS;2025-10-31;39
GD;21;36;16;14;94.7;Bulgaria U17 International 2025;2025;19;U17 IS;2025-05-08;40
GD;12;28;16;12;94.4;RSL Sigulda U17 Open 2025;2025;37;U17 IS;2025-09-12;41
GD;47;12;12;7;90.0;Bulgaria U17 International 2026;2026;15;U17 IS;2026-04-07;42
GD;5;18;16;9;87.2;Swedish Youth Games 2025;2025;46;U17 IC;2025-11-14;43
GD;44;34;16;16;78.8;Istanbul U17 Open 2026;2026;28;U17 IS;2026-07-10;44
GD;14;48;16;10;39.1;Danish Junior Cup U17 2025;2025;34;U17 IS;2025-08-22;45
GD;3;18;16;8;29.4;VICTOR Cyprus U17 International 2025;2025;50;U17 IS;2025-12-12;46
GS;38;61;16;16;307.3;OLIVER Czech U17 International 2026;2026;13;U17 IC;2026-03-26;1
GS;48;61;16;16;302.4;2. LIVING SPORT Hungarian International U17 2026 powered by VICTOR;2026;9;U17 IS;2026-02-27;2
GS;32;55;16;16;279.8;Austrian U17 Open 2026;2026;18;U17 GP;2026-05-01;3
GS;31;56;16;16;273.1;Adria U17 International 2026;2026;20;U17 GP;2026-05-15;4
GS;9;64;16;16;259.2;Austrian U17 International 2025;2025;40;U17 GP;2025-10-03;5
GS;30;51;16;16;258.0;Serbian U17 International - Novi Sad 2026;2026;25;U17 GP;2026-06-19;6
GS;25;64;16;16;249.6;OLIVER Czech U17 International 2025;2025;14;U17 IC;2025-04-03;7
GS;13;52;16;16;243.8;31. TEM MIRNA U17 International 2025;2025;35;U17 IS;2025-08-29;8
GS;36;60;16;16;232.3;YONEX German U17 Open 2026;2026;23;U17 IC;2026-06-05;9
GS;39;42;16;16;226.9;YONEX France U17 Open 2026;2026;8;U17 IC;2026-02-19;10
GS;34;58;16;16;222.9;MALOW YONEX Polish U17 International 2026;2026;11;U17 GP;2026-03-13;11
GS;37;53;16;16;219.0;YONEX Bozner Cup U17 International 2026;2026;17;U17 IC;2026-04-24;12
GS;7;64;16;16;215.9;Luxembourg U17 2025;2025;43;U17 IS;2025-10-24;13
GS;27;66;16;16;208.2;1. Living Sport Hungarian International 2025;2025;10;U17 IS;2025-03-07;14
GS;10;64;16;16;200.6;Slovak Youth U17 International 2025;2025;39;U17 IS;2025-09-26;15
GS;11;64;16;16;196.6;9th LI-NING Zagreb U17 Open 2025;2025;38;U17 IS;2025-09-19;16
GS;19;69;16;16;195.4;YONEX German U17 Open 2025;2025;24;U17 IC;2025-06-06;17
GS;33;42;16;16;192.9;VICTOR JOT U17 2026;2026;14;U17 GP;2026-04-03;18
GS;22;64;16;16;188.2;Austrian U17 Open 2025;2025;18;U17 GP;2025-05-02;19
GS;20;59;16;16;183.5;YONEX Polish Masters U17 2025;2025;22;U17 IC;2025-05-30;20
GS;23;64;16;16;179.2;YONEX Bozner Cup U17 International 2025;2025;17;U17 IC;2025-04-25;21
GS;24;64;16;16;169.5;VICTOR JOT U17 2025;2025;16;U17 GP;2025-04-18;22
GS;40;48;16;16;168.3;Spanish Open U17 2026;2026;5;U17 IC;2026-01-29;23
GS;42;50;16;16;164.0;Danish Junior Cup U17 2026;2026;34;U17 IS;2026-08-21;24
GS;43;29;16;16;161.3;FZ FORZA French U17 International 2026;2026;33;U17 IS;2026-08-14;25
GS;41;44;16;16;158.4;32. TEM MIRNA U17 International 2026;2026;35;U17 IS;2026-08-28;26
GS;8;61;16;16;156.4;VICTOR DENMARK JUNIOR U17 2025;2025;42;U17 IS;2025-10-16;27
GS;26;69;16;16;156.1;MALOW YONEX Polish U17 International 2025;2025;11;U17 GP;2025-03-13;28
GS;35;23;16;16;149.7;HEBAR U17 Bulgaria Open 2026;2026;27;U17 IC;2026-07-02;29
GS;18;64;16;16;148.7;Serbian U17 International - NOVI SAD 2025;2025;25;U17 GP;2025-06-20;30
GS;45;11;11;11;140.0;RSL Lithuanian U17 International 2026;2026;21;U17 IS;2026-05-22;31
GS;29;64;16;16;138.1;Spanish U17 Open 2025;2025;5;U17 IC;2025-01-31;32
GS;28;54;16;16;128.8;YONEX France U17 Open 2025;2025;7;U17 IC;2025-02-13;33
GS;2;45;16;16;119.2;YONEX German Ruhr U17 International 2025;2025;51;U17 IC;2025-12-17;34
GS;46;23;16;16;116.5;Swedish U17 International 2026;2026;15;U17 IS;2026-04-10;35
GS;6;38;16;14;107.6;V U17 Portugal Open 2025;2025;44;U17 IS;2025-10-31;36
GS;21;46;16;16;103.8;Bulgaria U17 International 2025;2025;19;U17 IS;2025-05-08;37
GS;15;43;16;16;101.9;VICTOR French U17 International 2025;2025;33;U17 IS;2025-08-15;38
GS;4;24;16;13;95.3;Spanish International U17 2025;2025;46;U17 IS;2025-11-14;39
GS;1;34;16;15;86.5;BADMINTONPLANET Youth Tournament presented by VICTOR 2025;2025;52;U17 IC;2025-12-28;40
GS;12;36;16;15;82.4;RSL Sigulda U17 Open 2025;2025;37;U17 IS;2025-09-12;41
GS;47;18;16;16;80.4;Bulgaria U17 International 2026;2026;15;U17 IS;2026-04-07;42
GS;44;31;16;16;77.5;Istanbul U17 Open 2026;2026;28;U17 IS;2026-07-10;43
GS;14;50;16;11;46.9;Danish Junior Cup U17 2025;2025;34;U17 IS;2025-08-22;44
GS;5;19;16;8;40.2;Swedish Youth Games 2025;2025;46;U17 IC;2025-11-14;45
GS;3;22;16;12;36.8;VICTOR Cyprus U17 International 2025;2025;50;U17 IS;2025-12-12;46
XD;34;76;16;16;393.5;MALOW YONEX Polish U17 International 2026;2026;11;U17 GP;2026-03-13;1
XD;38;86;16;16;366.2;OLIVER Czech U17 International 2026;2026;13;U17 IC;2026-03-26;2
XD;48;84;16;16;362.3;2. LIVING SPORT Hungarian International U17 2026 powered by VICTOR;2026;9;U17 IS;2026-02-27;3
XD;32;76;16;16;358.6;Austrian U17 Open 2026;2026;18;U17 GP;2026-05-01;4
XD;37;86;16;16;336.7;YONEX Bozner Cup U17 International 2026;2026;17;U17 IC;2026-04-24;5
XD;13;82;16;16;290.2;31. TEM MIRNA U17 International 2025;2025;35;U17 IS;2025-08-29;6
XD;31;84;16;16;290.2;Adria U17 International 2026;2026;20;U17 GP;2026-05-15;6
XD;30;74;16;16;288.9;Serbian U17 International - Novi Sad 2026;2026;25;U17 GP;2026-06-19;7
XD;9;96;16;16;288.6;Austrian U17 International 2025;2025;40;U17 GP;2025-10-03;8
XD;10;96;16;16;281.4;Slovak Youth U17 International 2025;2025;39;U17 IS;2025-09-26;9
XD;23;96;16;16;274.2;YONEX Bozner Cup U17 International 2025;2025;17;U17 IC;2025-04-25;10
XD;7;96;16;16;272.4;Luxembourg U17 2025;2025;43;U17 IS;2025-10-24;11
XD;36;96;16;16;272.4;YONEX German U17 Open 2026;2026;23;U17 IC;2026-06-05;11
XD;33;68;16;16;264.3;VICTOR JOT U17 2026;2026;14;U17 GP;2026-04-03;12
XD;11;96;16;16;260.2;9th LI-NING Zagreb U17 Open 2025;2025;38;U17 IS;2025-09-19;13
XD;22;96;16;16;256.9;Austrian U17 Open 2025;2025;18;U17 GP;2025-05-02;14
XD;39;62;16;16;249.4;YONEX France U17 Open 2026;2026;8;U17 IC;2026-02-19;15
XD;40;72;16;16;248.2;Spanish Open U17 2026;2026;5;U17 IC;2026-01-29;16
XD;25;96;16;16;241.6;OLIVER Czech U17 International 2025;2025;14;U17 IC;2025-04-03;17
XD;41;66;16;16;225.9;32. TEM MIRNA U17 International 2026;2026;35;U17 IS;2026-08-28;18
XD;27;100;16;16;200.6;1. Living Sport Hungarian International 2025;2025;10;U17 IS;2025-03-07;19
XD;29;96;16;16;199.9;Spanish U17 Open 2025;2025;5;U17 IC;2025-01-31;20
XD;19;118;16;16;199.6;YONEX German U17 Open 2025;2025;24;U17 IC;2025-06-06;21
XD;46;36;16;16;186.2;Swedish U17 International 2026;2026;15;U17 IS;2026-04-10;22
XD;2;78;16;16;183.8;YONEX German Ruhr U17 International 2025;2025;51;U17 IC;2025-12-17;23
XD;35;36;16;16;182.8;HEBAR U17 Bulgaria Open 2026;2026;27;U17 IC;2026-07-02;24
XD;26;98;16;16;178.4;MALOW YONEX Polish U17 International 2025;2025;11;U17 GP;2025-03-13;25
XD;28;88;16;16;174.7;YONEX France U17 Open 2025;2025;7;U17 IC;2025-02-13;26
XD;20;74;16;16;173.7;YONEX Polish Masters U17 2025;2025;22;U17 IC;2025-05-30;27
XD;18;96;16;16;169.8;Serbian U17 International - NOVI SAD 2025;2025;25;U17 GP;2025-06-20;28
XD;12;50;16;16;165.0;RSL Sigulda U17 Open 2025;2025;37;U17 IS;2025-09-12;29
XD;24;96;16;16;160.8;VICTOR JOT U17 2025;2025;16;U17 GP;2025-04-18;30
XD;42;62;16;16;155.9;Danish Junior Cup U17 2026;2026;34;U17 IS;2026-08-21;31
XD;1;64;16;16;152.0;BADMINTONPLANET Youth Tournament presented by VICTOR 2025;2025;52;U17 IC;2025-12-28;32
XD;4;30;16;16;151.6;Spanish International U17 2025;2025;46;U17 IS;2025-11-14;33
XD;45;18;16;16;150.0;RSL Lithuanian U17 International 2026;2026;21;U17 IS;2026-05-22;34
XD;8;92;16;16;148.7;VICTOR DENMARK JUNIOR U17 2025;2025;42;U17 IS;2025-10-16;35
XD;15;72;16;16;146.8;VICTOR French U17 International 2025;2025;33;U17 IS;2025-08-15;36
XD;43;34;16;16;145.7;FZ FORZA French U17 International 2026;2026;33;U17 IS;2026-08-14;37
XD;21;58;16;16;127.5;Bulgaria U17 International 2025;2025;19;U17 IS;2025-05-08;38
XD;47;20;16;16;121.6;Bulgaria U17 International 2026;2026;15;U17 IS;2026-04-07;39
XD;14;70;16;16;84.2;Danish Junior Cup U17 2025;2025;34;U17 IS;2025-08-22;40
XD;5;42;16;13;78.1;Swedish Youth Games 2025;2025;46;U17 IC;2025-11-14;41
XD;44;36;16;16;77.5;Istanbul U17 Open 2026;2026;28;U17 IS;2026-07-10;42
XD;3;40;16;13;57.4;VICTOR Cyprus U17 International 2025;2025;50;U17 IS;2025-12-12;43
XD;6;54;16;15;51.3;V U17 Portugal Open 2025;2025;44;U17 IS;2025-10-31;44
